family,cell_lat,cell_lon,score_pct,nearest_anchor_km,country,is_land,on_glacier,nearest_city_km,country_mrds_n,country_province_n,mining_polygons_n,reporting_gap,tier,metal,ef,generation_window
Au,52.0,-126.0,99.7,230.0,Canada,True,False,365,4255,7,16415,True,高优先级-数据空洞优先核验,Au,3.31,造山/卡林型金：绿岩带或沉积岩热液交代，0-5 km
Au,0.0,100.0,98.1,251.0,Indonesia,True,False,377,228,2,1883,True,高优先级-数据空洞优先核验,Au,3.31,造山/卡林型金：绿岩带或沉积岩热液交代，0-5 km
Au,4.0,98.0,98.0,246.0,Indonesia,True,False,420,228,2,1883,True,高优先级-数据空洞优先核验,Au,3.31,造山/卡林型金：绿岩带或沉积岩热液交代，0-5 km
Au,56.0,158.0,97.1,352.0,Russia,True,False,2646,2587,5,12232,True,高优先级-数据空洞优先核验,Au,3.31,造山/卡林型金：绿岩带或沉积岩热液交代，0-5 km
Au,56.0,160.0,96.9,369.0,Russia,True,False,2728,2587,5,12232,True,高优先级-数据空洞优先核验,Au,3.31,造山/卡林型金：绿岩带或沉积岩热液交代，0-5 km
Au,54.0,-126.0,96.9,297.0,Canada,True,False,561,4255,7,16415,True,高优先级-数据空洞优先核验,Au,3.31,造山/卡林型金：绿岩带或沉积岩热液交代，0-5 km
Au,56.0,156.0,96.6,381.0,Russia,True,False,2571,2587,5,12232,True,高优先级-数据空洞优先核验,Au,3.31,造山/卡林型金：绿岩带或沉积岩热液交代，0-5 km
Au,48.0,142.0,96.4,239.0,Russia,True,False,1382,2587,5,12232,True,高优先级-数据空洞优先核验,Au,3.31,造山/卡林型金：绿岩带或沉积岩热液交代，0-5 km
Au,56.0,162.0,96.2,426.0,Russia,True,False,2815,2587,5,12232,True,高优先级-数据空洞优先核验,Au,3.31,造山/卡林型金：绿岩带或沉积岩热液交代，0-5 km
Au,-6.0,146.0,99.2,238.0,Papua New Guinea,True,False,407,243,0,542,False,高优先级-标准复查,Au,3.31,造山/卡林型金：绿岩带或沉积岩热液交代，0-5 km
Au,-4.0,144.0,99.1,261.0,Papua New Guinea,True,False,702,243,0,542,False,高优先级-标准复查,Au,3.31,造山/卡林型金：绿岩带或沉积岩热液交代，0-5 km
Au,20.0,-104.0,99.1,274.0,Mexico,True,False,513,4041,1,2190,False,高优先级-标准复查,Au,3.31,造山/卡林型金：绿岩带或沉积岩热液交代，0-5 km
Au,-6.0,150.0,98.3,338.0,Papua New Guinea,True,False,494,243,0,542,False,高优先级-标准复查,Au,3.31,造山/卡林型金：绿岩带或沉积岩热液交代，0-5 km
Au,34.0,132.0,98.0,250.0,Japan,True,False,331,623,0,539,False,高优先级-标准复查,Au,3.31,造山/卡林型金：绿岩带或沉积岩热液交代，0-5 km
Au,36.0,136.0,97.9,263.0,Japan,True,False,110,623,0,539,False,高优先级-标准复查,Au,3.31,造山/卡林型金：绿岩带或沉积岩热液交代，0-5 km
Cu,0.0,100.0,98.4,251.0,Indonesia,True,False,377,228,2,1883,True,高优先级-数据空洞优先核验,Cu,1.633,斑岩铜在弧岩浆窗；沉积铜在红层盆地
Cu,56.0,162.0,97.7,317.0,Russia,True,False,2815,2587,5,12232,True,高优先级-数据空洞优先核验,Cu,1.633,斑岩铜在弧岩浆窗；沉积铜在红层盆地
Cu,-10.0,120.0,97.4,300.0,Indonesia,True,False,633,228,2,1883,True,高优先级-数据空洞优先核验,Cu,1.633,斑岩铜在弧岩浆窗；沉积铜在红层盆地
Cu,58.0,158.0,97.3,305.0,Russia,True,False,2822,2587,5,12232,True,高优先级-数据空洞优先核验,Cu,1.633,斑岩铜在弧岩浆窗；沉积铜在红层盆地
Cu,-8.0,114.0,97.2,398.0,Indonesia,True,False,817,228,2,1883,True,高优先级-数据空洞优先核验,Cu,1.633,斑岩铜在弧岩浆窗；沉积铜在红层盆地
Cu,58.0,160.0,97.1,397.0,Russia,True,False,2895,2587,5,12232,True,高优先级-数据空洞优先核验,Cu,1.633,斑岩铜在弧岩浆窗；沉积铜在红层盆地
Cu,58.0,162.0,96.6,458.0,Russia,True,False,2973,2587,5,12232,True,高优先级-数据空洞优先核验,Cu,1.633,斑岩铜在弧岩浆窗；沉积铜在红层盆地
Cu,-4.0,104.0,96.5,457.0,Indonesia,True,False,395,228,2,1883,True,高优先级-数据空洞优先核验,Cu,1.633,斑岩铜在弧岩浆窗；沉积铜在红层盆地
Cu,42.0,14.0,98.7,269.0,Italy,True,False,126,130,0,5669,False,高优先级-标准复查,Cu,1.633,斑岩铜在弧岩浆窗；沉积铜在红层盆地
Cu,-8.0,148.0,98.5,293.0,Papua New Guinea,True,False,185,243,0,542,False,高优先级-标准复查,Cu,1.633,斑岩铜在弧岩浆窗；沉积铜在红层盆地
Cu,38.0,24.0,98.4,242.0,Greece,True,False,24,101,0,1207,False,高优先级-标准复查,Cu,1.633,斑岩铜在弧岩浆窗；沉积铜在红层盆地
Cu,40.0,16.0,98.1,358.0,Italy,True,False,354,130,0,5669,False,高优先级-标准复查,Cu,1.633,斑岩铜在弧岩浆窗；沉积铜在红层盆地
Cu,-42.0,-74.0,97.9,266.0,Chile,True,False,996,5527,4,1089,False,高优先级-标准复查,Cu,1.633,斑岩铜在弧岩浆窗；沉积铜在红层盆地
Cu,20.0,-98.0,97.8,340.0,Mexico,True,False,134,4041,1,2190,False,高优先级-标准复查,Cu,1.633,斑岩铜在弧岩浆窗；沉积铜在红层盆地
Cu,38.0,22.0,97.8,302.0,Greece,True,False,152,101,0,1207,False,高优先级-标准复查,Cu,1.633,斑岩铜在弧岩浆窗；沉积铜在红层盆地
Fe,22.0,-104.0,92.1,228.0,Mexico,True,False,553,4041,1,2190,False,高优先级-标准复查,Fe,0.994,BIF 前寒武绿岩 + 近代风化再富集
Fe,22.0,-100.0,90.1,234.0,Mexico,True,False,298,4041,1,2190,False,高优先级-标准复查,Fe,0.994,BIF 前寒武绿岩 + 近代风化再富集
NiCo,50.0,-126.0,99.3,297.0,Canada,True,False,222,4255,7,16415,True,高优先级-数据空洞优先核验,Ni,0.035,红土型(低纬)或大火成岩省岩浆硫化物
NiCo,50.0,-128.0,98.6,434.0,Canada,True,False,360,4255,7,16415,True,高优先级-数据空洞优先核验,Ni,0.035,红土型(低纬)或大火成岩省岩浆硫化物
NiCo,56.0,120.0,98.5,270.0,Russia,True,False,1265,2587,5,12232,True,高优先级-数据空洞优先核验,Ni,0.035,红土型(低纬)或大火成岩省岩浆硫化物
NiCo,52.0,98.0,98.3,310.0,Russia,True,False,782,2587,5,12232,True,高优先级-数据空洞优先核验,Ni,0.035,红土型(低纬)或大火成岩省岩浆硫化物
NiCo,52.0,-124.0,98.3,280.0,Canada,True,False,309,4255,7,16415,True,高优先级-数据空洞优先核验,Ni,0.035,红土型(低纬)或大火成岩省岩浆硫化物
NiCo,18.0,42.0,98.3,225.0,Saudi Arabia,True,False,376,129,2,719,True,高优先级-数据空洞优先核验,Ni,0.035,红土型(低纬)或大火成岩省岩浆硫化物
NiCo,56.0,114.0,98.2,254.0,Russia,True,False,1020,2587,5,12232,True,高优先级-数据空洞优先核验,Ni,0.035,红土型(低纬)或大火成岩省岩浆硫化物
NiCo,58.0,114.0,98.1,233.0,Russia,True,False,1216,2587,5,12232,True,高优先级-数据空洞优先核验,Ni,0.035,红土型(低纬)或大火成岩省岩浆硫化物
NiCo,58.0,120.0,98.0,283.0,Russia,True,False,1418,2587,5,12232,True,高优先级-数据空洞优先核验,Ni,0.035,红土型(低纬)或大火成岩省岩浆硫化物
NiCo,54.0,98.0,97.9,327.0,Russia,True,False,919,2587,5,12232,True,高优先级-数据空洞优先核验,Ni,0.035,红土型(低纬)或大火成岩省岩浆硫化物
NiCo,54.0,120.0,97.8,264.0,Russia,True,False,1136,2587,5,12232,True,高优先级-数据空洞优先核验,Ni,0.035,红土型(低纬)或大火成岩省岩浆硫化物
NiCo,56.0,118.0,97.7,386.0,Russia,True,False,1174,2587,5,12232,True,高优先级-数据空洞优先核验,Ni,0.035,红土型(低纬)或大火成岩省岩浆硫化物
NiCo,54.0,-128.0,97.7,231.0,Canada,True,False,624,4255,7,16415,True,高优先级-数据空洞优先核验,Ni,0.035,红土型(低纬)或大火成岩省岩浆硫化物
NiCo,52.0,-126.0,97.7,410.0,Canada,True,False,365,4255,7,16415,True,高优先级-数据空洞优先核验,Ni,0.035,红土型(低纬)或大火成岩省岩浆硫化物
NiCo,56.0,116.0,97.7,365.0,Russia,True,False,1091,2587,5,12232,True,高优先级-数据空洞优先核验,Ni,0.035,红土型(低纬)或大火成岩省岩浆硫化物
Li,50.0,-122.0,99.6,235.0,Canada,True,False,114,4255,7,16415,True,高优先级-数据空洞优先核验,Li,10.959,盐湖卤水(干旱盆地)或 LCT 伟晶岩
Li,50.0,-124.0,99.6,353.0,Canada,True,False,102,4255,7,16415,True,高优先级-数据空洞优先核验,Li,10.959,盐湖卤水(干旱盆地)或 LCT 伟晶岩
Li,50.0,-126.0,99.4,486.0,Canada,True,False,222,4255,7,16415,True,高优先级-数据空洞优先核验,Li,10.959,盐湖卤水(干旱盆地)或 LCT 伟晶岩
Li,50.0,-128.0,99.0,608.0,Canada,True,False,360,4255,7,16415,True,高优先级-数据空洞优先核验,Li,10.959,盐湖卤水(干旱盆地)或 LCT 伟晶岩
Li,52.0,-122.0,98.7,422.0,Canada,True,False,313,4255,7,16415,True,高优先级-数据空洞优先核验,Li,10.959,盐湖卤水(干旱盆地)或 LCT 伟晶岩
Li,52.0,-124.0,98.7,494.0,Canada,True,False,309,4255,7,16415,True,高优先级-数据空洞优先核验,Li,10.959,盐湖卤水(干旱盆地)或 LCT 伟晶岩
Li,52.0,98.0,98.7,240.0,Russia,True,False,782,2587,5,12232,True,高优先级-数据空洞优先核验,Li,10.959,盐湖卤水(干旱盆地)或 LCT 伟晶岩
Li,52.0,-126.0,98.5,592.0,Canada,True,False,365,4255,7,16415,True,高优先级-数据空洞优先核验,Li,10.959,盐湖卤水(干旱盆地)或 LCT 伟晶岩
Li,52.0,96.0,98.4,252.0,Russia,True,False,902,2587,5,12232,True,高优先级-数据空洞优先核验,Li,10.959,盐湖卤水(干旱盆地)或 LCT 伟晶岩
Li,52.0,100.0,98.4,302.0,Russia,True,False,671,2587,5,12232,True,高优先级-数据空洞优先核验,Li,10.959,盐湖卤水(干旱盆地)或 LCT 伟晶岩
Li,52.0,-120.0,98.3,390.0,Canada,True,False,375,4255,7,16415,True,高优先级-数据空洞优先核验,Li,10.959,盐湖卤水(干旱盆地)或 LCT 伟晶岩
Li,54.0,116.0,98.2,260.0,Russia,True,False,927,2587,5,12232,True,高优先级-数据空洞优先核验,Li,10.959,盐湖卤水(干旱盆地)或 LCT 伟晶岩
Li,28.0,120.0,98.1,239.0,China,True,False,365,1791,6,15458,True,高优先级-数据空洞优先核验,Li,10.959,盐湖卤水(干旱盆地)或 LCT 伟晶岩
Li,50.0,-116.0,98.0,317.0,Canada,True,False,519,4255,7,16415,True,高优先级-数据空洞优先核验,Li,10.959,盐湖卤水(干旱盆地)或 LCT 伟晶岩
Li,44.0,-120.0,99.8,259.0,United States of America,True,False,633,199364,7,14245,False,高优先级-标准复查,Li,10.959,盐湖卤水(干旱盆地)或 LCT 伟晶岩
REE,50.0,-124.0,99.3,289.0,Canada,True,False,102,4255,7,16415,True,高优先级-数据空洞优先核验,Ce,43.008,碳酸岩/碱性省或离子吸附风化壳
REE,52.0,96.0,99.2,230.0,Russia,True,False,902,2587,5,12232,True,高优先级-数据空洞优先核验,Ce,43.008,碳酸岩/碱性省或离子吸附风化壳
REE,18.0,42.0,99.0,232.0,Saudi Arabia,True,False,376,129,2,719,True,高优先级-数据空洞优先核验,Ce,43.008,碳酸岩/碱性省或离子吸附风化壳
REE,52.0,-124.0,98.9,286.0,Canada,True,False,309,4255,7,16415,True,高优先级-数据空洞优先核验,Ce,43.008,碳酸岩/碱性省或离子吸附风化壳
REE,56.0,116.0,98.9,304.0,Russia,True,False,1091,2587,5,12232,True,高优先级-数据空洞优先核验,Ce,43.008,碳酸岩/碱性省或离子吸附风化壳
REE,58.0,116.0,98.7,304.0,Russia,True,False,1273,2587,5,12232,True,高优先级-数据空洞优先核验,Ce,43.008,碳酸岩/碱性省或离子吸附风化壳
REE,50.0,-126.0,98.7,427.0,Canada,True,False,222,4255,7,16415,True,高优先级-数据空洞优先核验,Ce,43.008,碳酸岩/碱性省或离子吸附风化壳
REE,54.0,104.0,98.7,235.0,Russia,True,False,706,2587,5,12232,True,高优先级-数据空洞优先核验,Ce,43.008,碳酸岩/碱性省或离子吸附风化壳
REE,54.0,96.0,98.7,297.0,Russia,True,False,1019,2587,5,12232,True,高优先级-数据空洞优先核验,Ce,43.008,碳酸岩/碱性省或离子吸附风化壳
REE,58.0,120.0,98.6,309.0,Russia,True,False,1418,2587,5,12232,True,高优先级-数据空洞优先核验,Ce,43.008,碳酸岩/碱性省或离子吸附风化壳
REE,52.0,94.0,98.4,283.0,Russia,True,False,1027,2587,5,12232,True,高优先级-数据空洞优先核验,Ce,43.008,碳酸岩/碱性省或离子吸附风化壳
REE,56.0,100.0,98.4,278.0,Russia,True,False,1015,2587,5,12232,True,高优先级-数据空洞优先核验,Ce,43.008,碳酸岩/碱性省或离子吸附风化壳
REE,56.0,122.0,98.4,328.0,Russia,True,False,1364,2587,5,12232,True,高优先级-数据空洞优先核验,Ce,43.008,碳酸岩/碱性省或离子吸附风化壳
REE,52.0,104.0,98.4,289.0,Russia,True,False,499,2587,5,12232,True,高优先级-数据空洞优先核验,Ce,43.008,碳酸岩/碱性省或离子吸附风化壳
REE,54.0,-128.0,98.3,286.0,Canada,True,False,624,4255,7,16415,True,高优先级-数据空洞优先核验,Ce,43.008,碳酸岩/碱性省或离子吸附风化壳
PGE,52.0,-126.0,98.1,257.0,Canada,True,False,365,4255,7,16415,True,高优先级-数据空洞优先核验,Pt,0.57,层状镁铁质杂岩体(如 Bushveld/Great Dyke)
PGE,58.0,116.0,97.3,229.0,Russia,True,False,1273,2587,5,12232,True,高优先级-数据空洞优先核验,Pt,0.57,层状镁铁质杂岩体(如 Bushveld/Great Dyke)
PGE,54.0,-128.0,96.9,226.0,Canada,True,False,624,4255,7,16415,True,高优先级-数据空洞优先核验,Pt,0.57,层状镁铁质杂岩体(如 Bushveld/Great Dyke)
PGE,54.0,116.0,96.6,237.0,Russia,True,False,927,2587,5,12232,True,高优先级-数据空洞优先核验,Pt,0.57,层状镁铁质杂岩体(如 Bushveld/Great Dyke)
PGE,54.0,118.0,95.6,270.0,Russia,True,False,1028,2587,5,12232,True,高优先级-数据空洞优先核验,Pt,0.57,层状镁铁质杂岩体(如 Bushveld/Great Dyke)
PGE,54.0,114.0,95.3,252.0,Russia,True,False,838,2587,5,12232,True,高优先级-数据空洞优先核验,Pt,0.57,层状镁铁质杂岩体(如 Bushveld/Great Dyke)
PGE,56.0,114.0,94.7,288.0,Russia,True,False,1020,2587,5,12232,True,高优先级-数据空洞优先核验,Pt,0.57,层状镁铁质杂岩体(如 Bushveld/Great Dyke)
PGE,56.0,100.0,93.0,271.0,Russia,True,False,1015,2587,5,12232,True,高优先级-数据空洞优先核验,Pt,0.57,层状镁铁质杂岩体(如 Bushveld/Great Dyke)
PGE,54.0,112.0,91.6,261.0,Russia,True,False,764,2587,5,12232,True,高优先级-数据空洞优先核验,Pt,0.57,层状镁铁质杂岩体(如 Bushveld/Great Dyke)
PGE,56.0,110.0,91.4,256.0,Russia,True,False,923,2587,5,12232,True,高优先级-数据空洞优先核验,Pt,0.57,层状镁铁质杂岩体(如 Bushveld/Great Dyke)
PGE,58.0,162.0,90.9,248.0,Russia,True,False,2973,2587,5,12232,True,高优先级-数据空洞优先核验,Pt,0.57,层状镁铁质杂岩体(如 Bushveld/Great Dyke)
PGE,0.0,100.0,90.8,251.0,Indonesia,True,False,377,228,2,1883,True,高优先级-数据空洞优先核验,Pt,0.57,层状镁铁质杂岩体(如 Bushveld/Great Dyke)
PGE,46.0,2.0,98.0,239.0,France,True,False,319,439,0,4719,False,高优先级-标准复查,Pt,0.57,层状镁铁质杂岩体(如 Bushveld/Great Dyke)
PGE,20.0,-104.0,97.8,271.0,Mexico,True,False,513,4041,1,2190,False,高优先级-标准复查,Pt,0.57,层状镁铁质杂岩体(如 Bushveld/Great Dyke)
PGE,-2.0,28.0,97.2,245.0,Dem. Rep. Congo,True,False,215,3,0,71,False,高优先级-标准复查,Pt,0.57,层状镁铁质杂岩体(如 Bushveld/Great Dyke)
U,50.0,-124.0,98.1,275.0,Canada,True,False,102,4255,7,16415,True,高优先级-数据空洞优先核验,U,751.563,不整合面型(高品位)或砂岩型地浸
U,54.0,-128.0,97.3,236.0,Canada,True,False,624,4255,7,16415,True,高优先级-数据空洞优先核验,U,751.563,不整合面型(高品位)或砂岩型地浸
U,52.0,-124.0,96.8,285.0,Canada,True,False,309,4255,7,16415,True,高优先级-数据空洞优先核验,U,751.563,不整合面型(高品位)或砂岩型地浸
U,56.0,-126.0,95.4,252.0,Canada,True,False,772,4255,7,16415,True,高优先级-数据空洞优先核验,U,751.563,不整合面型(高品位)或砂岩型地浸
U,58.0,-128.0,95.0,257.0,Canada,True,False,1021,4255,7,16415,True,高优先级-数据空洞优先核验,U,751.563,不整合面型(高品位)或砂岩型地浸
U,54.0,-120.0,95.0,270.0,Canada,True,False,568,4255,7,16415,True,高优先级-数据空洞优先核验,U,751.563,不整合面型(高品位)或砂岩型地浸
U,50.0,-126.0,94.9,381.0,Canada,True,False,222,4255,7,16415,True,高优先级-数据空洞优先核验,U,751.563,不整合面型(高品位)或砂岩型地浸
U,66.0,-172.0,94.7,226.0,Russia,True,False,3325,2587,5,12232,True,高优先级-数据空洞优先核验,U,751.563,不整合面型(高品位)或砂岩型地浸
U,64.0,-136.0,94.7,244.0,Canada,True,False,1809,4255,7,16415,True,高优先级-数据空洞优先核验,U,751.563,不整合面型(高品位)或砂岩型地浸
U,54.0,64.0,94.7,225.0,Kazakhstan,True,False,591,770,2,862,True,高优先级-数据空洞优先核验,U,751.563,不整合面型(高品位)或砂岩型地浸
U,-8.0,-36.0,94.6,224.0,Brazil,True,False,1558,2053,3,6019,True,高优先级-数据空洞优先核验,U,751.563,不整合面型(高品位)或砂岩型地浸
U,48.0,-78.0,94.6,226.0,Canada,True,False,336,4255,7,16415,True,高优先级-数据空洞优先核验,U,751.563,不整合面型(高品位)或砂岩型地浸
U,-30.0,-56.0,94.6,226.0,Brazil,True,False,546,2053,3,6019,True,高优先级-数据空洞优先核验,U,751.563,不整合面型(高品位)或砂岩型地浸
U,-26.0,118.0,94.6,224.0,Australia,True,False,2098,2051,10,4706,True,高优先级-数据空洞优先核验,U,751.563,不整合面型(高品位)或砂岩型地浸
U,-28.0,30.0,94.6,227.0,South Africa,True,False,208,1598,4,1958,True,高优先级-数据空洞优先核验,U,751.563,不整合面型(高品位)或砂岩型地浸
Diamond,-26.0,120.0,97.4,226.0,Australia,True,False,2027,2051,10,4706,True,高优先级-数据空洞优先核验,,,克拉通根(≥150 km)金伯利岩筒爆发携带
Diamond,-8.0,-50.0,97.4,226.0,Brazil,True,False,894,2053,3,6019,True,高优先级-数据空洞优先核验,,,克拉通根(≥150 km)金伯利岩筒爆发携带
Diamond,64.0,44.0,97.4,223.0,Russia,True,False,983,2587,5,12232,True,高优先级-数据空洞优先核验,,,克拉通根(≥150 km)金伯利岩筒爆发携带
Diamond,-2.0,-56.0,97.4,227.0,Brazil,True,False,876,2053,3,6019,True,高优先级-数据空洞优先核验,,,克拉通根(≥150 km)金伯利岩筒爆发携带
Diamond,-30.0,22.0,97.4,228.0,South Africa,True,False,421,1598,4,1958,True,高优先级-数据空洞优先核验,,,克拉通根(≥150 km)金伯利岩筒爆发携带
Diamond,70.0,108.0,97.4,225.0,Russia,True,False,2456,2587,5,12232,True,高优先级-数据空洞优先核验,,,克拉通根(≥150 km)金伯利岩筒爆发携带
Diamond,70.0,138.0,97.4,230.0,Russia,True,False,2964,2587,5,12232,True,高优先级-数据空洞优先核验,,,克拉通根(≥150 km)金伯利岩筒爆发携带
Diamond,-26.0,-52.0,97.3,230.0,Brazil,True,False,569,2053,3,6019,True,高优先级-数据空洞优先核验,,,克拉通根(≥150 km)金伯利岩筒爆发携带
Diamond,0.0,-54.0,97.3,229.0,Brazil,True,False,662,2053,3,6019,True,高优先级-数据空洞优先核验,,,克拉通根(≥150 km)金伯利岩筒爆发携带
Diamond,62.0,-98.0,97.3,227.0,Canada,True,False,2094,4255,7,16415,True,高优先级-数据空洞优先核验,,,克拉通根(≥150 km)金伯利岩筒爆发携带
Diamond,-6.0,-46.0,97.3,232.0,Brazil,True,False,1108,2053,3,6019,True,高优先级-数据空洞优先核验,,,克拉通根(≥150 km)金伯利岩筒爆发携带
Diamond,64.0,-90.0,97.3,235.0,Canada,True,False,2249,4255,7,16415,True,高优先级-数据空洞优先核验,,,克拉通根(≥150 km)金伯利岩筒爆发携带
Diamond,64.0,-98.0,97.3,235.0,Canada,True,False,2216,4255,7,16415,True,高优先级-数据空洞优先核验,,,克拉通根(≥150 km)金伯利岩筒爆发携带
Diamond,-18.0,130.0,97.3,223.0,Australia,True,False,1153,2051,10,4706,True,高优先级-数据空洞优先核验,,,克拉通根(≥150 km)金伯利岩筒爆发携带
Diamond,-2.0,-54.0,97.2,233.0,Brazil,True,False,881,2053,3,6019,True,高优先级-数据空洞优先核验,,,克拉通根(≥150 km)金伯利岩筒爆发携带
Coal,46.0,88.0,98.3,226.0,China,True,False,246,1791,6,15458,True,高优先级-数据空洞优先核验,,,陆内/裂谷含煤盆地煤系
Coal,42.0,88.0,98.3,226.0,China,True,False,204,1791,6,15458,True,高优先级-数据空洞优先核验,,,陆内/裂谷含煤盆地煤系
Coal,38.0,116.0,98.2,227.0,China,True,False,214,1791,6,15458,True,高优先级-数据空洞优先核验,,,陆内/裂谷含煤盆地煤系
Coal,-24.0,30.0,98.2,226.0,South Africa,True,False,261,1598,4,1958,True,高优先级-数据空洞优先核验,,,陆内/裂谷含煤盆地煤系
Coal,36.0,108.0,98.2,232.0,China,True,False,696,1791,6,15458,True,高优先级-数据空洞优先核验,,,陆内/裂谷含煤盆地煤系
Coal,46.0,86.0,98.2,237.0,China,True,False,274,1791,6,15458,True,高优先级-数据空洞优先核验,,,陆内/裂谷含煤盆地煤系
Coal,44.0,124.0,98.2,238.0,China,True,False,572,1791,6,15458,True,高优先级-数据空洞优先核验,,,陆内/裂谷含煤盆地煤系
Coal,46.0,80.0,98.2,237.0,Kazakhstan,True,False,553,770,2,862,True,高优先级-数据空洞优先核验,,,陆内/裂谷含煤盆地煤系
Coal,-28.0,-52.0,98.1,240.0,Brazil,True,False,635,2053,3,6019,True,高优先级-数据空洞优先核验,,,陆内/裂谷含煤盆地煤系
Coal,44.0,96.0,98.1,262.0,Mongolia,True,False,675,296,2,449,True,高优先级-数据空洞优先核验,,,陆内/裂谷含煤盆地煤系
Coal,-24.0,28.0,98.1,243.0,South Africa,True,False,191,1598,4,1958,True,高优先级-数据空洞优先核验,,,陆内/裂谷含煤盆地煤系
Coal,44.0,84.0,98.1,247.0,China,True,False,287,1791,6,15458,True,高优先级-数据空洞优先核验,,,陆内/裂谷含煤盆地煤系
Coal,44.0,78.0,98.0,247.0,Kazakhstan,True,False,303,770,2,862,True,高优先级-数据空洞优先核验,,,陆内/裂谷含煤盆地煤系
Coal,-28.0,30.0,98.0,247.0,South Africa,True,False,208,1598,4,1958,True,高优先级-数据空洞优先核验,,,陆内/裂谷含煤盆地煤系
Coal,42.0,86.0,98.0,254.0,China,True,False,238,1791,6,15458,True,高优先级-数据空洞优先核验,,,陆内/裂谷含煤盆地煤系
OilGas,48.0,122.0,99.5,268.0,China,True,False,1005,1791,6,15458,True,高优先级-数据空洞优先核验,,,沉积盆地生油-生气窗 + 圈闭
OilGas,24.0,48.0,99.5,225.0,Saudi Arabia,True,False,148,129,2,719,True,高优先级-数据空洞优先核验,,,沉积盆地生油-生气窗 + 圈闭
OilGas,46.0,122.0,99.3,233.0,China,True,False,817,1791,6,15458,True,高优先级-数据空洞优先核验,,,沉积盆地生油-生气窗 + 圈闭
OilGas,56.0,118.0,99.1,1149.0,Russia,True,False,1174,2587,5,12232,True,高优先级-数据空洞优先核验,,,沉积盆地生油-生气窗 + 圈闭
OilGas,46.0,128.0,99.1,247.0,China,True,False,797,1791,6,15458,True,高优先级-数据空洞优先核验,,,沉积盆地生油-生气窗 + 圈闭
OilGas,28.0,46.0,99.0,257.0,Saudi Arabia,True,False,246,129,2,719,True,高优先级-数据空洞优先核验,,,沉积盆地生油-生气窗 + 圈闭
OilGas,48.0,128.0,98.9,281.0,China,True,False,1015,1791,6,15458,True,高优先级-数据空洞优先核验,,,沉积盆地生油-生气窗 + 圈闭
OilGas,44.0,52.0,98.9,259.0,Kazakhstan,True,False,438,770,2,862,True,高优先级-数据空洞优先核验,,,沉积盆地生油-生气窗 + 圈闭
OilGas,56.0,120.0,98.9,1099.0,Russia,True,False,1265,2587,5,12232,True,高优先级-数据空洞优先核验,,,沉积盆地生油-生气窗 + 圈闭
OilGas,62.0,72.0,98.9,268.0,Russia,True,False,1204,2587,5,12232,True,高优先级-数据空洞优先核验,,,沉积盆地生油-生气窗 + 圈闭
OilGas,48.0,54.0,98.8,267.0,Kazakhstan,True,False,907,770,2,862,True,高优先级-数据空洞优先核验,,,沉积盆地生油-生气窗 + 圈闭
OilGas,50.0,124.0,98.8,384.0,China,True,False,1229,1791,6,15458,True,高优先级-数据空洞优先核验,,,沉积盆地生油-生气窗 + 圈闭
OilGas,56.0,116.0,98.8,1212.0,Russia,True,False,1091,2587,5,12232,True,高优先级-数据空洞优先核验,,,沉积盆地生油-生气窗 + 圈闭
OilGas,34.0,-104.0,100.0,311.0,United States of America,True,False,644,199364,7,14245,False,高优先级-标准复查,,,沉积盆地生油-生气窗 + 圈闭
OilGas,32.0,-106.0,100.0,336.0,United States of America,True,False,866,199364,7,14245,False,高优先级-标准复查,,,沉积盆地生油-生气窗 + 圈闭
ZnPb,52.0,-126.0,98.8,290.0,Canada,True,False,365,4255,7,16415,True,高优先级-数据空洞优先核验,Zn,1.034,SEDEX/MVT(裂谷-被动陆缘盆地)或 VMS(弧)
ZnPb,50.0,-128.0,98.7,350.0,Canada,True,False,360,4255,7,16415,True,高优先级-数据空洞优先核验,Zn,1.034,SEDEX/MVT(裂谷-被动陆缘盆地)或 VMS(弧)
ZnPb,56.0,114.0,95.8,260.0,Russia,True,False,1020,2587,5,12232,True,高优先级-数据空洞优先核验,Zn,1.034,SEDEX/MVT(裂谷-被动陆缘盆地)或 VMS(弧)
ZnPb,54.0,118.0,95.5,269.0,Russia,True,False,1028,2587,5,12232,True,高优先级-数据空洞优先核验,Zn,1.034,SEDEX/MVT(裂谷-被动陆缘盆地)或 VMS(弧)
ZnPb,58.0,112.0,95.2,238.0,Russia,True,False,1171,2587,5,12232,True,高优先级-数据空洞优先核验,Zn,1.034,SEDEX/MVT(裂谷-被动陆缘盆地)或 VMS(弧)
ZnPb,54.0,-122.0,95.1,280.0,Canada,True,False,531,4255,7,16415,True,高优先级-数据空洞优先核验,Zn,1.034,SEDEX/MVT(裂谷-被动陆缘盆地)或 VMS(弧)
ZnPb,54.0,120.0,95.0,282.0,Russia,True,False,1136,2587,5,12232,True,高优先级-数据空洞优先核验,Zn,1.034,SEDEX/MVT(裂谷-被动陆缘盆地)或 VMS(弧)
ZnPb,54.0,-120.0,95.0,255.0,Canada,True,False,568,4255,7,16415,True,高优先级-数据空洞优先核验,Zn,1.034,SEDEX/MVT(裂谷-被动陆缘盆地)或 VMS(弧)
ZnPb,38.0,14.0,99.3,297.0,Italy,True,False,238,130,0,5669,False,高优先级-标准复查,Zn,1.034,SEDEX/MVT(裂谷-被动陆缘盆地)或 VMS(弧)
ZnPb,18.0,-102.0,98.9,261.0,Mexico,True,False,342,4041,1,2190,False,高优先级-标准复查,Zn,1.034,SEDEX/MVT(裂谷-被动陆缘盆地)或 VMS(弧)
ZnPb,48.0,8.0,97.5,225.0,Germany,True,False,127,328,0,8735,False,高优先级-标准复查,Zn,1.034,SEDEX/MVT(裂谷-被动陆缘盆地)或 VMS(弧)
ZnPb,46.0,2.0,97.4,240.0,France,True,False,319,439,0,4719,False,高优先级-标准复查,Zn,1.034,SEDEX/MVT(裂谷-被动陆缘盆地)或 VMS(弧)
ZnPb,42.0,14.0,97.4,285.0,Italy,True,False,126,130,0,5669,False,高优先级-标准复查,Zn,1.034,SEDEX/MVT(裂谷-被动陆缘盆地)或 VMS(弧)
ZnPb,44.0,8.0,97.2,253.0,Italy,True,False,56,130,0,5669,False,高优先级-标准复查,Zn,1.034,SEDEX/MVT(裂谷-被动陆缘盆地)或 VMS(弧)
ZnPb,26.0,-112.0,96.9,316.0,Mexico,True,False,1077,4041,1,2190,False,高优先级-标准复查,Zn,1.034,SEDEX/MVT(裂谷-被动陆缘盆地)或 VMS(弧)
Cr,50.0,-126.0,99.7,226.0,Canada,True,False,222,4255,7,16415,True,高优先级-数据空洞优先核验,Cr,0.031,蛇绿岩(缝合带)豆荚状铬铁矿或层状铬
Cr,50.0,-128.0,98.6,327.0,Canada,True,False,360,4255,7,16415,True,高优先级-数据空洞优先核验,Cr,0.031,蛇绿岩(缝合带)豆荚状铬铁矿或层状铬
Cr,52.0,-124.0,98.2,316.0,Canada,True,False,309,4255,7,16415,True,高优先级-数据空洞优先核验,Cr,0.031,蛇绿岩(缝合带)豆荚状铬铁矿或层状铬
Cr,52.0,-126.0,97.9,371.0,Canada,True,False,365,4255,7,16415,True,高优先级-数据空洞优先核验,Cr,0.031,蛇绿岩(缝合带)豆荚状铬铁矿或层状铬
Cr,54.0,-128.0,97.8,235.0,Canada,True,False,624,4255,7,16415,True,高优先级-数据空洞优先核验,Cr,0.031,蛇绿岩(缝合带)豆荚状铬铁矿或层状铬
Cr,52.0,-122.0,97.7,319.0,Canada,True,False,313,4255,7,16415,True,高优先级-数据空洞优先核验,Cr,0.031,蛇绿岩(缝合带)豆荚状铬铁矿或层状铬
Cr,60.0,162.0,97.5,237.0,Russia,True,False,3139,2587,5,12232,True,高优先级-数据空洞优先核验,Cr,0.031,蛇绿岩(缝合带)豆荚状铬铁矿或层状铬
Cr,56.0,-128.0,97.3,230.0,Canada,True,False,816,4255,7,16415,True,高优先级-数据空洞优先核验,Cr,0.031,蛇绿岩(缝合带)豆荚状铬铁矿或层状铬
Cr,58.0,-130.0,97.1,260.0,Canada,True,False,1070,4255,7,16415,True,高优先级-数据空洞优先核验,Cr,0.031,蛇绿岩(缝合带)豆荚状铬铁矿或层状铬
Cr,0.0,120.0,97.0,286.0,Indonesia,True,False,782,228,2,1883,True,高优先级-数据空洞优先核验,Cr,0.031,蛇绿岩(缝合带)豆荚状铬铁矿或层状铬
Cr,32.0,-116.0,99.5,246.0,Mexico,True,False,309,4041,1,2190,False,高优先级-标准复查,Cr,0.031,蛇绿岩(缝合带)豆荚状铬铁矿或层状铬
Cr,40.0,16.0,99.4,238.0,Italy,True,False,354,130,0,5669,False,高优先级-标准复查,Cr,0.031,蛇绿岩(缝合带)豆荚状铬铁矿或层状铬
Cr,-8.0,148.0,99.1,230.0,Papua New Guinea,True,False,185,243,0,542,False,高优先级-标准复查,Cr,0.031,蛇绿岩(缝合带)豆荚状铬铁矿或层状铬
Cr,20.0,-100.0,98.7,241.0,Mexico,True,False,110,4041,1,2190,False,高优先级-标准复查,Cr,0.031,蛇绿岩(缝合带)豆荚状铬铁矿或层状铬
Cr,-24.0,-68.0,98.2,223.0,Chile,True,False,620,5527,4,1089,False,高优先级-标准复查,Cr,0.031,蛇绿岩(缝合带)豆荚状铬铁矿或层状铬
Mn,50.0,-126.0,98.9,225.0,Canada,True,False,222,4255,7,16415,True,高优先级-数据空洞优先核验,Mn,1.003,沉积/火山-沉积锰建造
Mn,54.0,96.0,98.5,222.0,Russia,True,False,1019,2587,5,12232,True,高优先级-数据空洞优先核验,Mn,1.003,沉积/火山-沉积锰建造
Mn,54.0,114.0,97.7,228.0,Russia,True,False,838,2587,5,12232,True,高优先级-数据空洞优先核验,Mn,1.003,沉积/火山-沉积锰建造
Mn,50.0,-128.0,97.5,322.0,Canada,True,False,360,4255,7,16415,True,高优先级-数据空洞优先核验,Mn,1.003,沉积/火山-沉积锰建造
Mn,56.0,96.0,97.2,227.0,Russia,True,False,1166,2587,5,12232,True,高优先级-数据空洞优先核验,Mn,1.003,沉积/火山-沉积锰建造
Mn,56.0,114.0,96.7,287.0,Russia,True,False,1020,2587,5,12232,True,高优先级-数据空洞优先核验,Mn,1.003,沉积/火山-沉积锰建造
Mn,52.0,96.0,93.9,319.0,Russia,True,False,902,2587,5,12232,True,高优先级-数据空洞优先核验,Mn,1.003,沉积/火山-沉积锰建造
Mn,50.0,96.0,92.4,300.0,Russia,True,False,829,2587,5,12232,True,高优先级-数据空洞优先核验,Mn,1.003,沉积/火山-沉积锰建造
Mn,56.0,108.0,92.1,246.0,Russia,True,False,902,2587,5,12232,True,高优先级-数据空洞优先核验,Mn,1.003,沉积/火山-沉积锰建造
Mn,50.0,116.0,91.9,223.0,Russia,True,False,702,2587,5,12232,True,高优先级-数据空洞优先核验,Mn,1.003,沉积/火山-沉积锰建造
Mn,52.0,116.0,91.9,282.0,Russia,True,False,792,2587,5,12232,True,高优先级-数据空洞优先核验,Mn,1.003,沉积/火山-沉积锰建造
Mn,50.0,104.0,91.5,288.0,Mongolia,True,False,314,296,2,449,True,高优先级-数据空洞优先核验,Mn,1.003,沉积/火山-沉积锰建造
Mn,58.0,-130.0,91.5,231.0,Canada,True,False,1070,4255,7,16415,True,高优先级-数据空洞优先核验,Mn,1.003,沉积/火山-沉积锰建造
Mn,52.0,122.0,91.4,273.0,China,True,False,1168,1791,6,15458,True,高优先级-数据空洞优先核验,Mn,1.003,沉积/火山-沉积锰建造
Mn,52.0,110.0,91.4,231.0,Russia,True,False,505,2587,5,12232,True,高优先级-数据空洞优先核验,Mn,1.003,沉积/火山-沉积锰建造
W,52.0,-124.0,99.0,267.0,Canada,True,False,309,4255,7,16415,True,高优先级-数据空洞优先核验,W,48.111,白钨矿矽卡岩/黑钨矿脉，弧或造山花岗岩
W,52.0,-126.0,98.8,325.0,Canada,True,False,365,4255,7,16415,True,高优先级-数据空洞优先核验,W,48.111,白钨矿矽卡岩/黑钨矿脉，弧或造山花岗岩
W,2.0,100.0,98.4,255.0,Indonesia,True,False,215,228,2,1883,True,高优先级-数据空洞优先核验,W,48.111,白钨矿矽卡岩/黑钨矿脉，弧或造山花岗岩
W,50.0,-126.0,98.4,357.0,Canada,True,False,222,4255,7,16415,True,高优先级-数据空洞优先核验,W,48.111,白钨矿矽卡岩/黑钨矿脉，弧或造山花岗岩
W,54.0,-124.0,98.0,232.0,Canada,True,False,529,4255,7,16415,True,高优先级-数据空洞优先核验,W,48.111,白钨矿矽卡岩/黑钨矿脉，弧或造山花岗岩
W,0.0,102.0,97.6,335.0,Indonesia,True,False,251,228,2,1883,True,高优先级-数据空洞优先核验,W,48.111,白钨矿矽卡岩/黑钨矿脉，弧或造山花岗岩
W,0.0,100.0,97.3,406.0,Indonesia,True,False,377,228,2,1883,True,高优先级-数据空洞优先核验,W,48.111,白钨矿矽卡岩/黑钨矿脉，弧或造山花岗岩
W,58.0,-128.0,97.3,249.0,Canada,True,False,1021,4255,7,16415,True,高优先级-数据空洞优先核验,W,48.111,白钨矿矽卡岩/黑钨矿脉，弧或造山花岗岩
W,50.0,-128.0,97.0,466.0,Canada,True,False,360,4255,7,16415,True,高优先级-数据空洞优先核验,W,48.111,白钨矿矽卡岩/黑钨矿脉，弧或造山花岗岩
W,52.0,-118.0,96.8,270.0,Canada,True,False,471,4255,7,16415,True,高优先级-数据空洞优先核验,W,48.111,白钨矿矽卡岩/黑钨矿脉，弧或造山花岗岩
W,20.0,-104.0,99.1,290.0,Mexico,True,False,513,4041,1,2190,False,高优先级-标准复查,W,48.111,白钨矿矽卡岩/黑钨矿脉，弧或造山花岗岩
W,36.0,138.0,98.9,230.0,Japan,True,False,161,623,0,539,False,高优先级-标准复查,W,48.111,白钨矿矽卡岩/黑钨矿脉，弧或造山花岗岩
W,22.0,-104.0,98.9,271.0,Mexico,True,False,553,4041,1,2190,False,高优先级-标准复查,W,48.111,白钨矿矽卡岩/黑钨矿脉，弧或造山花岗岩
W,-18.0,-70.0,98.8,246.0,Peru,True,False,258,4960,0,1044,False,高优先级-标准复查,W,48.111,白钨矿矽卡岩/黑钨矿脉，弧或造山花岗岩
W,-40.0,-72.0,98.7,271.0,Chile,True,False,739,5527,4,1089,False,高优先级-标准复查,W,48.111,白钨矿矽卡岩/黑钨矿脉，弧或造山花岗岩
Sn,50.0,-126.0,99.2,264.0,Canada,True,False,222,4255,7,16415,True,高优先级-数据空洞优先核验,Sn,16.097,锡石，弧后/后碰撞酸性花岗岩
Sn,0.0,100.0,99.0,242.0,Indonesia,True,False,377,228,2,1883,True,高优先级-数据空洞优先核验,Sn,16.097,锡石，弧后/后碰撞酸性花岗岩
Sn,54.0,-132.0,98.8,276.0,Canada,True,False,806,4255,7,16415,True,高优先级-数据空洞优先核验,Sn,16.097,锡石，弧后/后碰撞酸性花岗岩
Sn,-2.0,102.0,98.6,287.0,Indonesia,True,False,420,228,2,1883,True,高优先级-数据空洞优先核验,Sn,16.097,锡石，弧后/后碰撞酸性花岗岩
Sn,4.0,98.0,98.5,291.0,Indonesia,True,False,420,228,2,1883,True,高优先级-数据空洞优先核验,Sn,16.097,锡石，弧后/后碰撞酸性花岗岩
Sn,-4.0,104.0,98.4,310.0,Indonesia,True,False,395,228,2,1883,True,高优先级-数据空洞优先核验,Sn,16.097,锡石，弧后/后碰撞酸性花岗岩
Sn,50.0,-128.0,98.3,369.0,Canada,True,False,360,4255,7,16415,True,高优先级-数据空洞优先核验,Sn,16.097,锡石，弧后/后碰撞酸性花岗岩
Sn,52.0,-122.0,98.2,344.0,Canada,True,False,313,4255,7,16415,True,高优先级-数据空洞优先核验,Sn,16.097,锡石，弧后/后碰撞酸性花岗岩
Sn,54.0,-130.0,98.0,304.0,Canada,True,False,707,4255,7,16415,True,高优先级-数据空洞优先核验,Sn,16.097,锡石，弧后/后碰撞酸性花岗岩
Sn,58.0,162.0,98.0,349.0,Russia,True,False,2973,2587,5,12232,True,高优先级-数据空洞优先核验,Sn,16.097,锡石，弧后/后碰撞酸性花岗岩
Sn,52.0,-124.0,98.0,394.0,Canada,True,False,309,4255,7,16415,True,高优先级-数据空洞优先核验,Sn,16.097,锡石，弧后/后碰撞酸性花岗岩
Sn,-6.0,106.0,97.8,382.0,Indonesia,True,False,93,228,2,1883,True,高优先级-数据空洞优先核验,Sn,16.097,锡石，弧后/后碰撞酸性花岗岩
Sn,56.0,-128.0,97.8,255.0,Canada,True,False,816,4255,7,16415,True,高优先级-数据空洞优先核验,Sn,16.097,锡石，弧后/后碰撞酸性花岗岩
Sn,52.0,-126.0,97.7,462.0,Canada,True,False,365,4255,7,16415,True,高优先级-数据空洞优先核验,Sn,16.097,锡石，弧后/后碰撞酸性花岗岩
Sn,52.0,-120.0,97.5,338.0,Canada,True,False,375,4255,7,16415,True,高优先级-数据空洞优先核验,Sn,16.097,锡石，弧后/后碰撞酸性花岗岩
Sb,52.0,-126.0,99.3,241.0,Canada,True,False,365,4255,7,16415,True,高优先级-数据空洞优先核验,Sb,38.285,辉锑矿浅成低温，弧或造山带
Sb,50.0,-126.0,98.8,264.0,Canada,True,False,222,4255,7,16415,True,高优先级-数据空洞优先核验,Sb,38.285,辉锑矿浅成低温，弧或造山带
Sb,52.0,-124.0,98.5,279.0,Canada,True,False,309,4255,7,16415,True,高优先级-数据空洞优先核验,Sb,38.285,辉锑矿浅成低温，弧或造山带
Sb,50.0,-128.0,97.8,369.0,Canada,True,False,360,4255,7,16415,True,高优先级-数据空洞优先核验,Sb,38.285,辉锑矿浅成低温，弧或造山带
Sb,52.0,-122.0,97.7,345.0,Canada,True,False,313,4255,7,16415,True,高优先级-数据空洞优先核验,Sb,38.285,辉锑矿浅成低温，弧或造山带
Sb,28.0,120.0,97.1,222.0,China,True,False,365,1791,6,15458,True,高优先级-数据空洞优先核验,Sb,38.285,辉锑矿浅成低温，弧或造山带
Sb,58.0,-128.0,97.0,256.0,Canada,True,False,1021,4255,7,16415,True,高优先级-数据空洞优先核验,Sb,38.285,辉锑矿浅成低温，弧或造山带
Sb,52.0,-120.0,96.9,345.0,Canada,True,False,375,4255,7,16415,True,高优先级-数据空洞优先核验,Sb,38.285,辉锑矿浅成低温，弧或造山带
Sb,54.0,-122.0,96.8,269.0,Canada,True,False,531,4255,7,16415,True,高优先级-数据空洞优先核验,Sb,38.285,辉锑矿浅成低温，弧或造山带
Sb,22.0,-104.0,98.8,241.0,Mexico,True,False,553,4041,1,2190,False,高优先级-标准复查,Sb,38.285,辉锑矿浅成低温，弧或造山带
Sb,0.0,-78.0,98.6,248.0,Ecuador,True,False,61,641,0,243,False,高优先级-标准复查,Sb,38.285,辉锑矿浅成低温，弧或造山带
Sb,18.0,-102.0,98.6,248.0,Mexico,True,False,342,4041,1,2190,False,高优先级-标准复查,Sb,38.285,辉锑矿浅成低温，弧或造山带
Sb,-38.0,-72.0,98.5,239.0,Chile,True,False,521,5527,4,1089,False,高优先级-标准复查,Sb,38.285,辉锑矿浅成低温，弧或造山带
Sb,-42.0,-72.0,98.5,250.0,Chile,True,False,959,5527,4,1089,False,高优先级-标准复查,Sb,38.285,辉锑矿浅成低温，弧或造山带
Sb,-42.0,-74.0,98.4,239.0,Chile,True,False,996,5527,4,1089,False,高优先级-标准复查,Sb,38.285,辉锑矿浅成低温，弧或造山带
V,50.0,-126.0,98.3,295.0,Canada,True,False,222,4255,7,16415,True,高优先级-数据空洞优先核验,V,1.191,黑色页岩/沉积钒或钒钛磁铁矿
V,52.0,100.0,97.7,243.0,Russia,True,False,671,2587,5,12232,True,高优先级-数据空洞优先核验,V,1.191,黑色页岩/沉积钒或钒钛磁铁矿
V,54.0,116.0,97.4,232.0,Russia,True,False,927,2587,5,12232,True,高优先级-数据空洞优先核验,V,1.191,黑色页岩/沉积钒或钒钛磁铁矿
V,54.0,98.0,97.1,261.0,Russia,True,False,919,2587,5,12232,True,高优先级-数据空洞优先核验,V,1.191,黑色页岩/沉积钒或钒钛磁铁矿
V,52.0,-126.0,97.1,317.0,Canada,True,False,365,4255,7,16415,True,高优先级-数据空洞优先核验,V,1.191,黑色页岩/沉积钒或钒钛磁铁矿
V,54.0,114.0,97.0,232.0,Russia,True,False,838,2587,5,12232,True,高优先级-数据空洞优先核验,V,1.191,黑色页岩/沉积钒或钒钛磁铁矿
V,54.0,-126.0,97.0,269.0,Canada,True,False,561,4255,7,16415,True,高优先级-数据空洞优先核验,V,1.191,黑色页岩/沉积钒或钒钛磁铁矿
V,52.0,98.0,96.8,275.0,Russia,True,False,782,2587,5,12232,True,高优先级-数据空洞优先核验,V,1.191,黑色页岩/沉积钒或钒钛磁铁矿
V,52.0,96.0,96.7,259.0,Russia,True,False,902,2587,5,12232,True,高优先级-数据空洞优先核验,V,1.191,黑色页岩/沉积钒或钒钛磁铁矿
V,50.0,-118.0,95.8,256.0,Canada,True,False,378,4255,7,16415,True,高优先级-数据空洞优先核验,V,1.191,黑色页岩/沉积钒或钒钛磁铁矿
V,56.0,114.0,95.7,275.0,Russia,True,False,1020,2587,5,12232,True,高优先级-数据空洞优先核验,V,1.191,黑色页岩/沉积钒或钒钛磁铁矿
V,56.0,-128.0,95.4,252.0,Canada,True,False,816,4255,7,16415,True,高优先级-数据空洞优先核验,V,1.191,黑色页岩/沉积钒或钒钛磁铁矿
V,52.0,102.0,95.2,286.0,Russia,True,False,574,2587,5,12232,True,高优先级-数据空洞优先核验,V,1.191,黑色页岩/沉积钒或钒钛磁铁矿
V,56.0,96.0,94.6,256.0,Russia,True,False,1166,2587,5,12232,True,高优先级-数据空洞优先核验,V,1.191,黑色页岩/沉积钒或钒钛磁铁矿
V,60.0,-132.0,94.6,227.0,Canada,True,False,1320,4255,7,16415,True,高优先级-数据空洞优先核验,V,1.191,黑色页岩/沉积钒或钒钛磁铁矿
Ti,50.0,-128.0,99.0,309.0,Canada,True,False,360,4255,7,16415,True,高优先级-数据空洞优先核验,Ti,5.289,钛铁矿海滨砂矿或层状侵入体
Ti,52.0,-126.0,97.8,317.0,Canada,True,False,365,4255,7,16415,True,高优先级-数据空洞优先核验,Ti,5.289,钛铁矿海滨砂矿或层状侵入体
Ti,54.0,-126.0,97.0,269.0,Canada,True,False,561,4255,7,16415,True,高优先级-数据空洞优先核验,Ti,5.289,钛铁矿海滨砂矿或层状侵入体
Ti,54.0,116.0,96.8,232.0,Russia,True,False,927,2587,5,12232,True,高优先级-数据空洞优先核验,Ti,5.289,钛铁矿海滨砂矿或层状侵入体
Ti,52.0,100.0,96.6,276.0,Russia,True,False,671,2587,5,12232,True,高优先级-数据空洞优先核验,Ti,5.289,钛铁矿海滨砂矿或层状侵入体
Ti,52.0,96.0,96.5,260.0,Russia,True,False,902,2587,5,12232,True,高优先级-数据空洞优先核验,Ti,5.289,钛铁矿海滨砂矿或层状侵入体
Ti,56.0,98.0,96.3,228.0,Russia,True,False,1085,2587,5,12232,True,高优先级-数据空洞优先核验,Ti,5.289,钛铁矿海滨砂矿或层状侵入体
Ti,54.0,104.0,96.3,231.0,Russia,True,False,706,2587,5,12232,True,高优先级-数据空洞优先核验,Ti,5.289,钛铁矿海滨砂矿或层状侵入体
Ti,56.0,120.0,95.9,298.0,Russia,True,False,1265,2587,5,12232,True,高优先级-数据空洞优先核验,Ti,5.289,钛铁矿海滨砂矿或层状侵入体
Ti,50.0,102.0,95.9,240.0,Mongolia,True,False,427,296,2,449,True,高优先级-数据空洞优先核验,Ti,5.289,钛铁矿海滨砂矿或层状侵入体
Ti,50.0,-116.0,95.9,244.0,Canada,True,False,519,4255,7,16415,True,高优先级-数据空洞优先核验,Ti,5.289,钛铁矿海滨砂矿或层状侵入体
Ti,54.0,118.0,95.1,300.0,Russia,True,False,1028,2587,5,12232,True,高优先级-数据空洞优先核验,Ti,5.289,钛铁矿海滨砂矿或层状侵入体
Ti,56.0,96.0,95.1,256.0,Russia,True,False,1166,2587,5,12232,True,高优先级-数据空洞优先核验,Ti,5.289,钛铁矿海滨砂矿或层状侵入体
Ti,52.0,158.0,95.0,284.0,Russia,True,False,2317,2587,5,12232,True,高优先级-数据空洞优先核验,Ti,5.289,钛铁矿海滨砂矿或层状侵入体
Ti,54.0,106.0,94.3,247.0,Russia,True,False,679,2587,5,12232,True,高优先级-数据空洞优先核验,Ti,5.289,钛铁矿海滨砂矿或层状侵入体
TaNb,50.0,-124.0,99.6,273.0,Canada,True,False,102,4255,7,16415,True,高优先级-数据空洞优先核验,Nb,30.47,Ta-Nb 伟晶岩或碳酸岩(裂谷/增生带)
TaNb,50.0,-126.0,99.2,399.0,Canada,True,False,222,4255,7,16415,True,高优先级-数据空洞优先核验,Nb,30.47,Ta-Nb 伟晶岩或碳酸岩(裂谷/增生带)
TaNb,52.0,-124.0,98.9,332.0,Canada,True,False,309,4255,7,16415,True,高优先级-数据空洞优先核验,Nb,30.47,Ta-Nb 伟晶岩或碳酸岩(裂谷/增生带)
TaNb,54.0,-128.0,98.5,284.0,Canada,True,False,624,4255,7,16415,True,高优先级-数据空洞优先核验,Nb,30.47,Ta-Nb 伟晶岩或碳酸岩(裂谷/增生带)
TaNb,52.0,96.0,98.4,254.0,Russia,True,False,902,2587,5,12232,True,高优先级-数据空洞优先核验,Nb,30.47,Ta-Nb 伟晶岩或碳酸岩(裂谷/增生带)
TaNb,58.0,116.0,98.3,270.0,Russia,True,False,1273,2587,5,12232,True,高优先级-数据空洞优先核验,Nb,30.47,Ta-Nb 伟晶岩或碳酸岩(裂谷/增生带)
TaNb,54.0,118.0,98.1,267.0,Russia,True,False,1028,2587,5,12232,True,高优先级-数据空洞优先核验,Nb,30.47,Ta-Nb 伟晶岩或碳酸岩(裂谷/增生带)
TaNb,54.0,120.0,98.0,261.0,Russia,True,False,1136,2587,5,12232,True,高优先级-数据空洞优先核验,Nb,30.47,Ta-Nb 伟晶岩或碳酸岩(裂谷/增生带)
TaNb,58.0,122.0,98.0,253.0,Russia,True,False,1502,2587,5,12232,True,高优先级-数据空洞优先核验,Nb,30.47,Ta-Nb 伟晶岩或碳酸岩(裂谷/增生带)
TaNb,50.0,-128.0,98.0,534.0,Canada,True,False,360,4255,7,16415,True,高优先级-数据空洞优先核验,Nb,30.47,Ta-Nb 伟晶岩或碳酸岩(裂谷/增生带)
TaNb,52.0,102.0,97.9,306.0,Russia,True,False,574,2587,5,12232,True,高优先级-数据空洞优先核验,Nb,30.47,Ta-Nb 伟晶岩或碳酸岩(裂谷/增生带)
TaNb,54.0,-122.0,97.9,266.0,Canada,True,False,531,4255,7,16415,True,高优先级-数据空洞优先核验,Nb,30.47,Ta-Nb 伟晶岩或碳酸岩(裂谷/增生带)
TaNb,52.0,-126.0,97.8,467.0,Canada,True,False,365,4255,7,16415,True,高优先级-数据空洞优先核验,Nb,30.47,Ta-Nb 伟晶岩或碳酸岩(裂谷/增生带)
TaNb,54.0,102.0,97.7,305.0,Russia,True,False,758,2587,5,12232,True,高优先级-数据空洞优先核验,Nb,30.47,Ta-Nb 伟晶岩或碳酸岩(裂谷/增生带)
TaNb,50.0,102.0,97.7,252.0,Mongolia,True,False,427,296,2,449,True,高优先级-数据空洞优先核验,Nb,30.47,Ta-Nb 伟晶岩或碳酸岩(裂谷/增生带)
Ag,54.0,160.0,98.3,232.0,Russia,True,False,2568,2587,5,12232,True,高优先级-数据空洞优先核验,Ag,8.043,浅成低温/脉状银矿(火山弧)
Ag,54.0,156.0,97.7,256.0,Russia,True,False,2393,2587,5,12232,True,高优先级-数据空洞优先核验,Ag,8.043,浅成低温/脉状银矿(火山弧)
Ag,-10.0,120.0,97.3,300.0,Indonesia,True,False,633,228,2,1883,True,高优先级-数据空洞优先核验,Ag,8.043,浅成低温/脉状银矿(火山弧)
Ag,58.0,162.0,97.0,349.0,Russia,True,False,2973,2587,5,12232,True,高优先级-数据空洞优先核验,Ag,8.043,浅成低温/脉状银矿(火山弧)
Ag,54.0,-128.0,97.0,254.0,Canada,True,False,624,4255,7,16415,True,高优先级-数据空洞优先核验,Ag,8.043,浅成低温/脉状银矿(火山弧)
Ag,54.0,-126.0,96.8,297.0,Canada,True,False,561,4255,7,16415,True,高优先级-数据空洞优先核验,Ag,8.043,浅成低温/脉状银矿(火山弧)
Ag,-8.0,114.0,96.5,398.0,Indonesia,True,False,817,228,2,1883,True,高优先级-数据空洞优先核验,Ag,8.043,浅成低温/脉状银矿(火山弧)
Ag,-10.0,124.0,96.4,357.0,Indonesia,True,False,236,228,2,1883,True,高优先级-数据空洞优先核验,Ag,8.043,浅成低温/脉状银矿(火山弧)
Ag,-4.0,144.0,99.2,234.0,Papua New Guinea,True,False,702,243,0,542,False,高优先级-标准复查,Ag,8.043,浅成低温/脉状银矿(火山弧)
Ag,38.0,14.0,98.8,297.0,Italy,True,False,238,130,0,5669,False,高优先级-标准复查,Ag,8.043,浅成低温/脉状银矿(火山弧)
Ag,38.0,24.0,98.3,233.0,Greece,True,False,24,101,0,1207,False,高优先级-标准复查,Ag,8.043,浅成低温/脉状银矿(火山弧)
Ag,-42.0,-74.0,98.1,223.0,Chile,True,False,996,5527,4,1089,False,高优先级-标准复查,Ag,8.043,浅成低温/脉状银矿(火山弧)
Ag,38.0,22.0,98.0,259.0,Greece,True,False,152,101,0,1207,False,高优先级-标准复查,Ag,8.043,浅成低温/脉状银矿(火山弧)
Ag,-46.0,-74.0,97.9,259.0,Chile,True,False,1425,5527,4,1089,False,高优先级-标准复查,Ag,8.043,浅成低温/脉状银矿(火山弧)
Ag,8.0,124.0,97.7,279.0,Philippines,True,False,805,867,0,646,False,高优先级-标准复查,Ag,8.043,浅成低温/脉状银矿(火山弧)
Mo,4.0,98.0,98.3,255.0,Indonesia,True,False,420,228,2,1883,True,高优先级-数据空洞优先核验,Mo,22.886,斑岩钼/Cu-Mo，弧岩浆窗
Mo,-4.0,144.0,99.2,231.0,Papua New Guinea,True,False,702,243,0,542,False,高优先级-标准复查,Mo,22.886,斑岩钼/Cu-Mo，弧岩浆窗
Mo,36.0,140.0,98.5,237.0,Japan,True,False,41,623,0,539,False,高优先级-标准复查,Mo,22.886,斑岩钼/Cu-Mo，弧岩浆窗
Mo,-42.0,-74.0,98.4,230.0,Chile,True,False,996,5527,4,1089,False,高优先级-标准复查,Mo,22.886,斑岩钼/Cu-Mo，弧岩浆窗
Mo,22.0,-104.0,98.3,305.0,Mexico,True,False,553,4041,1,2190,False,高优先级-标准复查,Mo,22.886,斑岩钼/Cu-Mo，弧岩浆窗
Mo,12.0,-84.0,98.0,252.0,Nicaragua,True,False,230,164,0,116,False,高优先级-标准复查,Mo,22.886,斑岩钼/Cu-Mo，弧岩浆窗
Mo,42.0,12.0,98.0,364.0,Italy,True,False,39,130,0,5669,False,高优先级-标准复查,Mo,22.886,斑岩钼/Cu-Mo，弧岩浆窗
Mo,26.0,-104.0,97.9,275.0,Mexico,True,False,369,4041,1,2190,False,高优先级-标准复查,Mo,22.886,斑岩钼/Cu-Mo，弧岩浆窗
Mo,-8.0,146.0,97.8,268.0,Papua New Guinea,True,False,209,243,0,542,False,高优先级-标准复查,Mo,22.886,斑岩钼/Cu-Mo，弧岩浆窗
Mo,44.0,12.0,97.8,248.0,Italy,True,False,36,130,0,5669,False,高优先级-标准复查,Mo,22.886,斑岩钼/Cu-Mo，弧岩浆窗
Mo,14.0,-90.0,97.7,354.0,Guatemala,True,False,90,145,0,30,False,高优先级-标准复查,Mo,22.886,斑岩钼/Cu-Mo，弧岩浆窗
Mo,-50.0,-74.0,97.7,356.0,Chile,True,False,1862,5527,4,1089,False,高优先级-标准复查,Mo,22.886,斑岩钼/Cu-Mo，弧岩浆窗
Mo,34.0,132.0,97.7,348.0,Japan,True,False,331,623,0,539,False,高优先级-标准复查,Mo,22.886,斑岩钼/Cu-Mo，弧岩浆窗
Mo,34.0,134.0,97.6,300.0,Japan,True,False,158,623,0,539,False,高优先级-标准复查,Mo,22.886,斑岩钼/Cu-Mo，弧岩浆窗
Mo,-50.0,-72.0,97.6,333.0,Argentina,True,False,1845,2501,1,2435,False,高优先级-标准复查,Mo,22.886,斑岩钼/Cu-Mo，弧岩浆窗
Re,28.0,120.0,98.5,260.0,China,True,False,365,1791,6,15458,True,高优先级-数据空洞优先核验,Re,2.048,铼为 Mo-Cu 副产，斑岩/矽卡岩
Re,60.0,-138.0,98.1,259.0,Canada,True,False,1522,4255,7,16415,True,高优先级-数据空洞优先核验,Re,2.048,铼为 Mo-Cu 副产，斑岩/矽卡岩
Re,66.0,-138.0,98.0,248.0,Canada,True,False,2047,4255,7,16415,True,高优先级-数据空洞优先核验,Re,2.048,铼为 Mo-Cu 副产，斑岩/矽卡岩
Re,26.0,118.0,98.0,328.0,China,True,False,374,1791,6,15458,True,高优先级-数据空洞优先核验,Re,2.048,铼为 Mo-Cu 副产，斑岩/矽卡岩
Re,50.0,-114.0,97.9,265.0,Canada,True,False,662,4255,7,16415,True,高优先级-数据空洞优先核验,Re,2.048,铼为 Mo-Cu 副产，斑岩/矽卡岩
Re,54.0,-118.0,97.8,287.0,Canada,True,False,633,4255,7,16415,True,高优先级-数据空洞优先核验,Re,2.048,铼为 Mo-Cu 副产，斑岩/矽卡岩
Re,62.0,-130.0,97.7,228.0,Canada,True,False,1477,4255,7,16415,True,高优先级-数据空洞优先核验,Re,2.048,铼为 Mo-Cu 副产，斑岩/矽卡岩
Re,30.0,120.0,97.7,266.0,China,True,False,193,1791,6,15458,True,高优先级-数据空洞优先核验,Re,2.048,铼为 Mo-Cu 副产，斑岩/矽卡岩
Re,56.0,-122.0,97.6,287.0,Canada,True,False,752,4255,7,16415,True,高优先级-数据空洞优先核验,Re,2.048,铼为 Mo-Cu 副产，斑岩/矽卡岩
Re,46.0,-120.0,99.6,249.0,United States of America,True,False,433,199364,7,14245,False,高优先级-标准复查,Re,2.048,铼为 Mo-Cu 副产，斑岩/矽卡岩
Re,48.0,-124.0,99.5,232.0,United States of America,True,False,156,199364,7,14245,False,高优先级-标准复查,Re,2.048,铼为 Mo-Cu 副产，斑岩/矽卡岩
Re,36.0,138.0,99.3,225.0,Japan,True,False,161,623,0,539,False,高优先级-标准复查,Re,2.048,铼为 Mo-Cu 副产，斑岩/矽卡岩
Re,40.0,-118.0,99.2,270.0,United States of America,True,False,453,199364,7,14245,False,高优先级-标准复查,Re,2.048,铼为 Mo-Cu 副产，斑岩/矽卡岩
Re,44.0,-120.0,99.2,337.0,United States of America,True,False,633,199364,7,14245,False,高优先级-标准复查,Re,2.048,铼为 Mo-Cu 副产，斑岩/矽卡岩
Re,-34.0,-68.0,99.2,227.0,Argentina,True,False,253,2501,1,2435,False,高优先级-标准复查,Re,2.048,铼为 Mo-Cu 副产，斑岩/矽卡岩
Bi,52.0,-126.0,99.6,226.0,Canada,True,False,365,4255,7,16415,True,高优先级-数据空洞优先核验,Bi,2.802,铋高温脉/矽卡岩，伴花岗岩
Bi,52.0,-124.0,98.8,266.0,Canada,True,False,309,4255,7,16415,True,高优先级-数据空洞优先核验,Bi,2.802,铋高温脉/矽卡岩，伴花岗岩
Bi,50.0,-126.0,98.5,335.0,Canada,True,False,222,4255,7,16415,True,高优先级-数据空洞优先核验,Bi,2.802,铋高温脉/矽卡岩，伴花岗岩
Bi,52.0,-122.0,97.5,335.0,Canada,True,False,313,4255,7,16415,True,高优先级-数据空洞优先核验,Bi,2.802,铋高温脉/矽卡岩，伴花岗岩
Bi,54.0,-122.0,97.3,268.0,Canada,True,False,531,4255,7,16415,True,高优先级-数据空洞优先核验,Bi,2.802,铋高温脉/矽卡岩，伴花岗岩
Bi,26.0,118.0,96.9,251.0,China,True,False,374,1791,6,15458,True,高优先级-数据空洞优先核验,Bi,2.802,铋高温脉/矽卡岩，伴花岗岩
Bi,60.0,162.0,96.9,306.0,Russia,True,False,3139,2587,5,12232,True,高优先级-数据空洞优先核验,Bi,2.802,铋高温脉/矽卡岩，伴花岗岩
Bi,52.0,-120.0,96.9,336.0,Canada,True,False,375,4255,7,16415,True,高优先级-数据空洞优先核验,Bi,2.802,铋高温脉/矽卡岩，伴花岗岩
Bi,52.0,-118.0,96.7,291.0,Canada,True,False,471,4255,7,16415,True,高优先级-数据空洞优先核验,Bi,2.802,铋高温脉/矽卡岩，伴花岗岩
Bi,58.0,-126.0,96.6,250.0,Canada,True,False,988,4255,7,16415,True,高优先级-数据空洞优先核验,Bi,2.802,铋高温脉/矽卡岩，伴花岗岩
Bi,56.0,-124.0,96.4,257.0,Canada,True,False,750,4255,7,16415,True,高优先级-数据空洞优先核验,Bi,2.802,铋高温脉/矽卡岩，伴花岗岩
Bi,50.0,-128.0,96.4,467.0,Canada,True,False,360,4255,7,16415,True,高优先级-数据空洞优先核验,Bi,2.802,铋高温脉/矽卡岩，伴花岗岩
Bi,58.0,122.0,96.3,222.0,Russia,True,False,1502,2587,5,12232,True,高优先级-数据空洞优先核验,Bi,2.802,铋高温脉/矽卡岩，伴花岗岩
Bi,60.0,152.0,96.3,238.0,Russia,True,False,2843,2587,5,12232,True,高优先级-数据空洞优先核验,Bi,2.802,铋高温脉/矽卡岩，伴花岗岩
Bi,52.0,-116.0,96.3,256.0,Canada,True,False,586,4255,7,16415,True,高优先级-数据空洞优先核验,Bi,2.802,铋高温脉/矽卡岩，伴花岗岩
As,52.0,-126.0,99.4,243.0,Canada,True,False,365,4255,7,16415,True,高优先级-数据空洞优先核验,As,37.787,砷(毒砂/雄黄)在浅成低温或造山硫化物脉
As,50.0,-126.0,98.6,311.0,Canada,True,False,222,4255,7,16415,True,高优先级-数据空洞优先核验,As,37.787,砷(毒砂/雄黄)在浅成低温或造山硫化物脉
As,52.0,-124.0,98.3,286.0,Canada,True,False,309,4255,7,16415,True,高优先级-数据空洞优先核验,As,37.787,砷(毒砂/雄黄)在浅成低温或造山硫化物脉
As,56.0,-128.0,97.5,230.0,Canada,True,False,816,4255,7,16415,True,高优先级-数据空洞优先核验,As,37.787,砷(毒砂/雄黄)在浅成低温或造山硫化物脉
As,52.0,-122.0,97.1,343.0,Canada,True,False,313,4255,7,16415,True,高优先级-数据空洞优先核验,As,37.787,砷(毒砂/雄黄)在浅成低温或造山硫化物脉
As,54.0,-122.0,96.8,279.0,Canada,True,False,531,4255,7,16415,True,高优先级-数据空洞优先核验,As,37.787,砷(毒砂/雄黄)在浅成低温或造山硫化物脉
As,50.0,-128.0,96.8,437.0,Canada,True,False,360,4255,7,16415,True,高优先级-数据空洞优先核验,As,37.787,砷(毒砂/雄黄)在浅成低温或造山硫化物脉
As,52.0,-120.0,96.5,335.0,Canada,True,False,375,4255,7,16415,True,高优先级-数据空洞优先核验,As,37.787,砷(毒砂/雄黄)在浅成低温或造山硫化物脉
As,20.0,-102.0,98.8,260.0,Mexico,True,False,306,4041,1,2190,False,高优先级-标准复查,As,37.787,砷(毒砂/雄黄)在浅成低温或造山硫化物脉
As,18.0,122.0,98.1,225.0,Philippines,True,False,231,867,0,646,False,高优先级-标准复查,As,37.787,砷(毒砂/雄黄)在浅成低温或造山硫化物脉
As,10.0,-84.0,98.1,240.0,Costa Rica,True,False,12,368,0,68,False,高优先级-标准复查,As,37.787,砷(毒砂/雄黄)在浅成低温或造山硫化物脉
As,36.0,10.0,98.1,228.0,Tunisia,True,False,91,49,0,229,False,高优先级-标准复查,As,37.787,砷(毒砂/雄黄)在浅成低温或造山硫化物脉
As,2.0,-78.0,98.0,247.0,Colombia,True,False,252,1171,0,1349,False,高优先级-标准复查,As,37.787,砷(毒砂/雄黄)在浅成低温或造山硫化物脉
As,40.0,140.0,98.0,238.0,Japan,True,False,480,623,0,539,False,高优先级-标准复查,As,37.787,砷(毒砂/雄黄)在浅成低温或造山硫化物脉
As,18.0,-100.0,97.6,322.0,Mexico,True,False,185,4041,1,2190,False,高优先级-标准复查,As,37.787,砷(毒砂/雄黄)在浅成低温或造山硫化物脉
Be,50.0,-124.0,99.4,258.0,Canada,True,False,102,4255,7,16415,True,高优先级-数据空洞优先核验,Be,45.183,铍在伟晶岩/凝灰岩(酸性岩浆)
Be,54.0,-128.0,98.1,284.0,Canada,True,False,624,4255,7,16415,True,高优先级-数据空洞优先核验,Be,45.183,铍在伟晶岩/凝灰岩(酸性岩浆)
Be,56.0,-128.0,98.0,255.0,Canada,True,False,816,4255,7,16415,True,高优先级-数据空洞优先核验,Be,45.183,铍在伟晶岩/凝灰岩(酸性岩浆)
Be,50.0,-126.0,98.0,389.0,Canada,True,False,222,4255,7,16415,True,高优先级-数据空洞优先核验,Be,45.183,铍在伟晶岩/凝灰岩(酸性岩浆)
Be,52.0,98.0,97.5,246.0,Russia,True,False,782,2587,5,12232,True,高优先级-数据空洞优先核验,Be,45.183,铍在伟晶岩/凝灰岩(酸性岩浆)
Be,56.0,116.0,97.3,261.0,Russia,True,False,1091,2587,5,12232,True,高优先级-数据空洞优先核验,Be,45.183,铍在伟晶岩/凝灰岩(酸性岩浆)
Be,60.0,-136.0,97.2,245.0,Canada,True,False,1447,4255,7,16415,True,高优先级-数据空洞优先核验,Be,45.183,铍在伟晶岩/凝灰岩(酸性岩浆)
Be,52.0,-122.0,97.1,366.0,Canada,True,False,313,4255,7,16415,True,高优先级-数据空洞优先核验,Be,45.183,铍在伟晶岩/凝灰岩(酸性岩浆)
Be,52.0,-118.0,97.0,291.0,Canada,True,False,471,4255,7,16415,True,高优先级-数据空洞优先核验,Be,45.183,铍在伟晶岩/凝灰岩(酸性岩浆)
Be,26.0,118.0,96.7,272.0,China,True,False,374,1791,6,15458,True,高优先级-数据空洞优先核验,Be,45.183,铍在伟晶岩/凝灰岩(酸性岩浆)
Be,54.0,116.0,96.6,250.0,Russia,True,False,927,2587,5,12232,True,高优先级-数据空洞优先核验,Be,45.183,铍在伟晶岩/凝灰岩(酸性岩浆)
Be,66.0,-138.0,96.5,227.0,Canada,True,False,2047,4255,7,16415,True,高优先级-数据空洞优先核验,Be,45.183,铍在伟晶岩/凝灰岩(酸性岩浆)
Be,58.0,-128.0,96.4,295.0,Canada,True,False,1021,4255,7,16415,True,高优先级-数据空洞优先核验,Be,45.183,铍在伟晶岩/凝灰岩(酸性岩浆)
Be,52.0,-116.0,95.9,256.0,Canada,True,False,586,4255,7,16415,True,高优先级-数据空洞优先核验,Be,45.183,铍在伟晶岩/凝灰岩(酸性岩浆)
Be,28.0,120.0,95.9,288.0,China,True,False,365,1791,6,15458,True,高优先级-数据空洞优先核验,Be,45.183,铍在伟晶岩/凝灰岩(酸性岩浆)
CsRb,50.0,-124.0,99.8,278.0,Canada,True,False,102,4255,7,16415,True,高优先级-数据空洞优先核验,Cs,1455.01,铯铷在 LCT 伟晶岩(常伴锂/钽)
CsRb,50.0,-126.0,99.7,318.0,Canada,True,False,222,4255,7,16415,True,高优先级-数据空洞优先核验,Cs,1455.01,铯铷在 LCT 伟晶岩(常伴锂/钽)
CsRb,50.0,-122.0,99.6,310.0,Canada,True,False,114,4255,7,16415,True,高优先级-数据空洞优先核验,Cs,1455.01,铯铷在 LCT 伟晶岩(常伴锂/钽)
CsRb,58.0,-130.0,99.4,263.0,Canada,True,False,1070,4255,7,16415,True,高优先级-数据空洞优先核验,Cs,1455.01,铯铷在 LCT 伟晶岩(常伴锂/钽)
CsRb,50.0,-128.0,99.4,410.0,Canada,True,False,360,4255,7,16415,True,高优先级-数据空洞优先核验,Cs,1455.01,铯铷在 LCT 伟晶岩(常伴锂/钽)
CsRb,60.0,-136.0,99.3,233.0,Canada,True,False,1447,4255,7,16415,True,高优先级-数据空洞优先核验,Cs,1455.01,铯铷在 LCT 伟晶岩(常伴锂/钽)
CsRb,60.0,-132.0,99.2,258.0,Canada,True,False,1320,4255,7,16415,True,高优先级-数据空洞优先核验,Cs,1455.01,铯铷在 LCT 伟晶岩(常伴锂/钽)
CsRb,56.0,-130.0,99.1,354.0,Canada,True,False,879,4255,7,16415,True,高优先级-数据空洞优先核验,Cs,1455.01,铯铷在 LCT 伟晶岩(常伴锂/钽)
CsRb,50.0,-120.0,99.1,398.0,Canada,True,False,239,4255,7,16415,True,高优先级-数据空洞优先核验,Cs,1455.01,铯铷在 LCT 伟晶岩(常伴锂/钽)
CsRb,60.0,-138.0,98.9,296.0,Canada,True,False,1522,4255,7,16415,True,高优先级-数据空洞优先核验,Cs,1455.01,铯铷在 LCT 伟晶岩(常伴锂/钽)
CsRb,60.0,-130.0,98.7,334.0,Canada,True,False,1270,4255,7,16415,True,高优先级-数据空洞优先核验,Cs,1455.01,铯铷在 LCT 伟晶岩(常伴锂/钽)
CsRb,50.0,-118.0,98.6,407.0,Canada,True,False,378,4255,7,16415,True,高优先级-数据空洞优先核验,Cs,1455.01,铯铷在 LCT 伟晶岩(常伴锂/钽)
CsRb,50.0,-116.0,98.6,377.0,Canada,True,False,519,4255,7,16415,True,高优先级-数据空洞优先核验,Cs,1455.01,铯铷在 LCT 伟晶岩(常伴锂/钽)
CsRb,58.0,-128.0,98.6,380.0,Canada,True,False,1021,4255,7,16415,True,高优先级-数据空洞优先核验,Cs,1455.01,铯铷在 LCT 伟晶岩(常伴锂/钽)
CsRb,52.0,-126.0,98.5,523.0,Canada,True,False,365,4255,7,16415,True,高优先级-数据空洞优先核验,Cs,1455.01,铯铷在 LCT 伟晶岩(常伴锂/钽)
Sc,58.0,-130.0,99.5,260.0,Canada,True,False,1070,4255,7,16415,True,高优先级-数据空洞优先核验,Sc,1.104,钪在红土型或铁氧化物矿床
Sc,60.0,-132.0,99.5,235.0,Canada,True,False,1320,4255,7,16415,True,高优先级-数据空洞优先核验,Sc,1.104,钪在红土型或铁氧化物矿床
Sc,60.0,-138.0,99.3,281.0,Canada,True,False,1522,4255,7,16415,True,高优先级-数据空洞优先核验,Sc,1.104,钪在红土型或铁氧化物矿床
Sc,56.0,-130.0,99.2,367.0,Canada,True,False,879,4255,7,16415,True,高优先级-数据空洞优先核验,Sc,1.104,钪在红土型或铁氧化物矿床
Sc,60.0,-130.0,99.2,315.0,Canada,True,False,1270,4255,7,16415,True,高优先级-数据空洞优先核验,Sc,1.104,钪在红土型或铁氧化物矿床
Sc,66.0,-176.0,99.1,224.0,Russia,True,False,3504,2587,5,12232,True,高优先级-数据空洞优先核验,Sc,1.104,钪在红土型或铁氧化物矿床
Sc,-34.0,142.0,99.1,224.0,Australia,True,False,502,2051,10,4706,True,高优先级-数据空洞优先核验,Sc,1.104,钪在红土型或铁氧化物矿床
Sc,-32.0,138.0,99.0,250.0,Australia,True,False,907,2051,10,4706,True,高优先级-数据空洞优先核验,Sc,1.104,钪在红土型或铁氧化物矿床
Sc,46.0,34.0,99.0,270.0,Russia,True,False,409,2587,5,12232,True,高优先级-数据空洞优先核验,Sc,1.104,钪在红土型或铁氧化物矿床
Sc,58.0,-128.0,98.9,377.0,Canada,True,False,1021,4255,7,16415,True,高优先级-数据空洞优先核验,Sc,1.104,钪在红土型或铁氧化物矿床
Sc,-30.0,140.0,98.9,267.0,Australia,True,False,983,2051,10,4706,True,高优先级-数据空洞优先核验,Sc,1.104,钪在红土型或铁氧化物矿床
Sc,66.0,-174.0,98.9,281.0,Russia,True,False,3415,2587,5,12232,True,高优先级-数据空洞优先核验,Sc,1.104,钪在红土型或铁氧化物矿床
Sc,-16.0,-58.0,98.8,294.0,Brazil,True,False,841,2053,3,6019,True,高优先级-数据空洞优先核验,Sc,1.104,钪在红土型或铁氧化物矿床
Sc,-30.0,142.0,98.8,291.0,Australia,True,False,889,2051,10,4706,True,高优先级-数据空洞优先核验,Sc,1.104,钪在红土型或铁氧化物矿床
Sc,-34.0,138.0,98.8,307.0,Australia,True,False,758,2051,10,4706,True,高优先级-数据空洞优先核验,Sc,1.104,钪在红土型或铁氧化物矿床
Zr,50.0,-128.0,99.5,309.0,Canada,True,False,360,4255,7,16415,True,高优先级-数据空洞优先核验,Zr,14.094,锆英石砂矿或碱性杂岩
Zr,50.0,-122.0,99.2,275.0,Canada,True,False,114,4255,7,16415,True,高优先级-数据空洞优先核验,Zr,14.094,锆英石砂矿或碱性杂岩
Zr,54.0,-128.0,98.7,289.0,Canada,True,False,624,4255,7,16415,True,高优先级-数据空洞优先核验,Zr,14.094,锆英石砂矿或碱性杂岩
Zr,52.0,-126.0,98.4,426.0,Canada,True,False,365,4255,7,16415,True,高优先级-数据空洞优先核验,Zr,14.094,锆英石砂矿或碱性杂岩
Zr,50.0,-118.0,98.2,295.0,Canada,True,False,378,4255,7,16415,True,高优先级-数据空洞优先核验,Zr,14.094,锆英石砂矿或碱性杂岩
Zr,58.0,-130.0,98.2,263.0,Canada,True,False,1070,4255,7,16415,True,高优先级-数据空洞优先核验,Zr,14.094,锆英石砂矿或碱性杂岩
Zr,56.0,-128.0,98.1,289.0,Canada,True,False,816,4255,7,16415,True,高优先级-数据空洞优先核验,Zr,14.094,锆英石砂矿或碱性杂岩
Zr,52.0,-124.0,98.1,419.0,Canada,True,False,309,4255,7,16415,True,高优先级-数据空洞优先核验,Zr,14.094,锆英石砂矿或碱性杂岩
Zr,50.0,-116.0,98.1,268.0,Canada,True,False,519,4255,7,16415,True,高优先级-数据空洞优先核验,Zr,14.094,锆英石砂矿或碱性杂岩
Zr,50.0,-120.0,98.0,381.0,Canada,True,False,239,4255,7,16415,True,高优先级-数据空洞优先核验,Zr,14.094,锆英石砂矿或碱性杂岩
Zr,60.0,-132.0,98.0,229.0,Canada,True,False,1320,4255,7,16415,True,高优先级-数据空洞优先核验,Zr,14.094,锆英石砂矿或碱性杂岩
Zr,52.0,94.0,97.9,290.0,Russia,True,False,1027,2587,5,12232,True,高优先级-数据空洞优先核验,Zr,14.094,锆英石砂矿或碱性杂岩
Zr,52.0,96.0,97.7,351.0,Russia,True,False,902,2587,5,12232,True,高优先级-数据空洞优先核验,Zr,14.094,锆英石砂矿或碱性杂岩
Zr,50.0,-112.0,97.5,263.0,Canada,True,False,804,4255,7,16415,True,高优先级-数据空洞优先核验,Zr,14.094,锆英石砂矿或碱性杂岩
Zr,66.0,-140.0,97.4,265.0,Canada,True,False,2098,4255,7,16415,True,高优先级-数据空洞优先核验,Zr,14.094,锆英石砂矿或碱性杂岩
Graphite,50.0,-126.0,99.2,299.0,Canada,True,False,222,4255,7,16415,True,高优先级-数据空洞优先核验,C,1.358,石墨在区域变质/伟晶岩
Graphite,54.0,98.0,98.2,250.0,Russia,True,False,919,2587,5,12232,True,高优先级-数据空洞优先核验,C,1.358,石墨在区域变质/伟晶岩
Graphite,52.0,-120.0,97.6,293.0,Canada,True,False,375,4255,7,16415,True,高优先级-数据空洞优先核验,C,1.358,石墨在区域变质/伟晶岩
Graphite,52.0,-118.0,97.5,248.0,Canada,True,False,471,4255,7,16415,True,高优先级-数据空洞优先核验,C,1.358,石墨在区域变质/伟晶岩
Graphite,50.0,-128.0,97.4,431.0,Canada,True,False,360,4255,7,16415,True,高优先级-数据空洞优先核验,C,1.358,石墨在区域变质/伟晶岩
Graphite,50.0,100.0,97.3,278.0,Mongolia,True,False,555,296,2,449,True,高优先级-数据空洞优先核验,C,1.358,石墨在区域变质/伟晶岩
Graphite,54.0,-132.0,97.3,336.0,Canada,True,False,806,4255,7,16415,True,高优先级-数据空洞优先核验,C,1.358,石墨在区域变质/伟晶岩
Graphite,54.0,104.0,97.2,276.0,Russia,True,False,706,2587,5,12232,True,高优先级-数据空洞优先核验,C,1.358,石墨在区域变质/伟晶岩
Graphite,52.0,-124.0,97.1,378.0,Canada,True,False,309,4255,7,16415,True,高优先级-数据空洞优先核验,C,1.358,石墨在区域变质/伟晶岩
Graphite,54.0,106.0,97.1,239.0,Russia,True,False,679,2587,5,12232,True,高优先级-数据空洞优先核验,C,1.358,石墨在区域变质/伟晶岩
Graphite,52.0,-122.0,96.8,359.0,Canada,True,False,313,4255,7,16415,True,高优先级-数据空洞优先核验,C,1.358,石墨在区域变质/伟晶岩
Graphite,60.0,-132.0,96.7,244.0,Canada,True,False,1320,4255,7,16415,True,高优先级-数据空洞优先核验,C,1.358,石墨在区域变质/伟晶岩
Graphite,50.0,104.0,96.7,253.0,Mongolia,True,False,314,296,2,449,True,高优先级-数据空洞优先核验,C,1.358,石墨在区域变质/伟晶岩
Graphite,50.0,102.0,96.5,287.0,Mongolia,True,False,427,296,2,449,True,高优先级-数据空洞优先核验,C,1.358,石墨在区域变质/伟晶岩
Graphite,50.0,-114.0,96.3,271.0,Canada,True,False,662,4255,7,16415,True,高优先级-数据空洞优先核验,C,1.358,石墨在区域变质/伟晶岩
