family,cell_lat,cell_lon,score_pct,closest_subtype,closest_subtype_km
Au,-4.0,144.0,99.4,Au_sed,2208.0
Au,20.0,-104.0,98.9,Au_sed,2188.0
Au,18.0,-102.0,98.6,Au_sed,2491.0
Au,22.0,-106.0,98.6,Au_sed,1891.0
Au,-10.0,148.0,98.3,Au_sed,2822.0
Au,-6.0,150.0,98.3,Au_sed,2899.0
Au,12.0,-62.0,98.3,Au_sed,6292.0
Au,-36.0,178.0,98.2,Au_sed,6301.0
Au,-8.0,150.0,98.1,Au_sed,2954.0
Au,-4.0,148.0,98.1,Au_sed,2640.0
Au,18.0,-64.0,98.0,Au_sed,5660.0
Au,46.0,-126.0,98.0,Au_sed,859.0
Au,6.0,124.0,98.0,Au_sed,572.0
Au,52.0,-172.0,97.9,Au_sed,3922.0
Au,24.0,124.0,97.9,Au_sed,1134.0
Au,18.0,-96.0,97.8,Au_sed,2862.0
Au,46.0,142.0,97.8,Au_sed,2750.0
Au,-40.0,174.0,97.8,Au_sed,6180.0
Au,10.0,126.0,97.8,Au_sed,1022.0
Au,52.0,-130.0,97.8,Au_sed,1481.0
Au,36.0,136.0,97.8,Au_sed,2013.0
Au,56.0,-166.0,97.7,Au_sed,3442.0
Au,54.0,-136.0,97.7,Au_sed,1874.0
Au,-42.0,-74.0,97.7,Au_sed,9406.0
Au,12.0,124.0,97.7,Au_sed,1236.0
Au,20.0,122.0,97.7,Au_sed,1328.0
Au,-18.0,176.0,97.7,Au_sed,5811.0
Au,12.0,-60.0,97.7,Au_sed,6481.0
Au,22.0,122.0,97.6,Au_sed,1144.0
Au,54.0,-172.0,97.6,Au_sed,3840.0
Au,42.0,138.0,97.6,Au_sed,2332.0
Au,26.0,120.0,97.6,Au_sed,671.0
Au,-40.0,176.0,97.6,Au_sed,6297.0
Au,38.0,-126.0,97.5,Au_sed,808.0
Au,38.0,142.0,97.5,Au_sed,2536.0
Au,16.0,-64.0,97.5,Au_sed,5809.0
Au,-6.0,104.0,97.4,Au_sed,1067.0
Au,-44.0,-72.0,97.4,Au_sed,9633.0
Au,54.0,-128.0,97.4,Au_sed,1582.0
Au,8.0,128.0,97.4,Au_sed,870.0
Au,46.0,144.0,97.3,Au_sed,2869.0
Au,-2.0,146.0,97.3,Au_sed,2388.0
Au,30.0,130.0,97.3,Au_sed,1453.0
Au,-40.0,-74.0,97.3,Au_sed,9235.0
Au,10.0,-62.0,97.3,Au_sed,6434.0
Au,-10.0,150.0,97.3,Au_sed,3022.0
Au,34.0,140.0,97.2,Au_sed,2356.0
Au,46.0,146.0,97.2,Au_sed,2991.0
Au,-20.0,176.0,97.2,Au_sed,5835.0
Au,56.0,-168.0,97.2,Au_sed,3552.0
Au,12.0,-90.0,97.2,Au_sed,3829.0
Au,12.0,122.0,97.2,Au_sed,1267.0
Au,18.0,-104.0,97.1,Au_sed,2391.0
Au,2.0,-74.0,97.1,Au_sed,5916.0
Au,18.0,124.0,97.1,Au_sed,1636.0
Au,34.0,138.0,97.1,Au_sed,2175.0
Au,44.0,12.0,97.1,Au_sed,2920.0
Au,38.0,136.0,97.1,Au_sed,2054.0
Au,40.0,24.0,97.1,Au_sed,2001.0
Au,16.0,124.0,97.0,Au_sed,1679.0
Au,44.0,148.0,97.0,Au_sed,3072.0
Au,16.0,-92.0,97.0,Au_sed,3329.0
Au,48.0,-128.0,97.0,Au_sed,1098.0
Au,-20.0,180.0,97.0,Au_sed,6220.0
Au,60.0,158.0,97.0,Au_sed,4001.0
Au,42.0,146.0,97.0,Au_sed,2896.0
Au,20.0,-106.0,97.0,Au_sed,2098.0
Au,14.0,-92.0,96.9,Au_sed,3506.0
Au,26.0,124.0,96.9,Au_sed,1008.0
Au,-10.0,146.0,96.9,Au_sed,2627.0
Au,22.0,-98.0,96.9,Au_sed,2364.0
Au,-38.0,-74.0,96.9,Au_sed,9066.0
Au,42.0,12.0,96.8,Au_sed,2957.0
Au,46.0,140.0,96.8,Au_sed,2634.0
Au,-40.0,-68.0,96.8,Au_sed,9434.0
Au,36.0,142.0,96.8,Au_sed,2527.0
Au,-2.0,148.0,96.8,Au_sed,2608.0
Au,-6.0,110.0,96.8,Au_sed,823.0
Au,-4.0,106.0,96.7,Au_sed,757.0
Au,20.0,120.0,96.7,Au_sed,1165.0
Au,6.0,-82.0,96.7,Au_sed,4952.0
Au,-8.0,110.0,96.7,Au_sed,1045.0
Au,-2.0,144.0,96.7,Au_sed,2169.0
Au,-44.0,-70.0,96.7,Au_sed,9690.0
Au,22.0,-108.0,96.7,Au_sed,1812.0
Au,52.0,-164.0,96.7,Au_sed,3407.0
Au,52.0,-174.0,96.7,Au_sed,4052.0
Au,34.0,136.0,96.6,Au_sed,1996.0
Au,22.0,120.0,96.6,Au_sed,1025.0
Au,8.0,-86.0,96.6,Au_sed,4476.0
Au,4.0,126.0,96.6,Au_sed,376.0
Au,-4.0,150.0,96.6,Au_sed,2857.0
Au,0.0,-82.0,96.6,Au_sed,5454.0
Au,38.0,22.0,96.6,Au_sed,2204.0
Au,-44.0,-74.0,96.6,Au_sed,9579.0
Au,16.0,118.0,96.6,Au_sed,1194.0
Au,58.0,156.0,96.5,Au_sed,3870.0
Au,6.0,128.0,96.5,Au_sed,676.0
Au,42.0,10.0,96.5,Au_sed,3119.0
Au,12.0,120.0,96.5,Au_sed,1334.0
Au,30.0,132.0,96.5,Au_sed,1646.0
Au,-18.0,-74.0,96.4,Au_sed,7451.0
Au,10.0,-60.0,96.4,Au_sed,6625.0
Au,60.0,160.0,96.4,Au_sed,4077.0
Au,6.0,-84.0,96.4,Au_sed,4798.0
Au,56.0,-170.0,96.4,Au_sed,3662.0
Au,-4.0,104.0,96.4,Au_sed,908.0
Au,40.0,144.0,96.3,Au_sed,2717.0
Au,-16.0,178.0,96.3,Au_sed,5991.0
Au,46.0,148.0,96.3,Au_sed,3116.0
Au,38.0,24.0,96.3,Au_sed,2029.0
Au,32.0,134.0,96.3,Au_sed,1815.0
Au,34.0,126.0,96.3,Au_sed,1119.0
Au,52.0,-132.0,96.3,Au_sed,1565.0
Au,-38.0,172.0,96.3,Au_sed,5981.0
Au,12.0,-82.0,96.3,Au_sed,4463.0
Au,54.0,-174.0,96.3,Au_sed,3961.0
Au,30.0,128.0,96.3,Au_sed,1261.0
Au,-40.0,178.0,96.2,Au_sed,6416.0
Au,58.0,158.0,96.2,Au_sed,3954.0
Cu,-4.0,148.0,99.1,Cu_porphyry,239.0
Cu,18.0,-104.0,98.7,Cu_porphyry,169.0
Cu,40.0,14.0,98.7,Cu_porphyry,382.0
Cu,-10.0,148.0,98.6,Cu_porphyry,90.0
Cu,44.0,146.0,98.5,Cu_VMS,29.0
Cu,-8.0,150.0,98.5,Cu_porphyry,230.0
Cu,12.0,-62.0,98.5,Cu_VMS,617.0
Cu,20.0,-98.0,98.5,Cu_porphyry,37.0
Cu,52.0,158.0,98.5,Cu_porphyry,217.0
Cu,18.0,-64.0,98.4,Cu_porphyry,257.0
Cu,12.0,-86.0,98.4,Cu_porphyry,384.0
Cu,52.0,-180.0,98.4,Cu_porphyry,1381.0
Cu,20.0,122.0,98.3,Cu_VMS,225.0
Cu,52.0,-170.0,98.3,Cu_porphyry,754.0
Cu,38.0,24.0,98.3,Cu_porphyry,227.0
Cu,40.0,12.0,98.3,Cu_porphyry,212.0
Cu,32.0,130.0,98.2,Cu_VMS,130.0
Cu,-44.0,-74.0,98.2,Cu_porphyry,270.0
Cu,4.0,126.0,98.2,Cu_porphyry,294.0
Cu,52.0,156.0,98.1,Cu_porphyry,233.0
Cu,-2.0,148.0,98.1,Cu_porphyry,117.0
Cu,34.0,140.0,98.1,Cu_VMS,206.0
Cu,56.0,162.0,98.1,Cu_porphyry,330.0
Cu,38.0,22.0,98.0,Cu_porphyry,312.0
Cu,-2.0,144.0,98.0,Cu_porphyry,320.0
Cu,24.0,124.0,98.0,Cu_porphyry,266.0
Cu,40.0,16.0,98.0,Cu_porphyry,538.0
Cu,-8.0,160.0,98.0,Cu_porphyry,155.0
Cu,44.0,140.0,97.9,Cu_VMS,122.0
Cu,42.0,138.0,97.9,Cu_VMS,229.0
Cu,-42.0,-74.0,97.9,Cu_porphyry,418.0
Cu,-48.0,-74.0,97.9,Cu_porphyry,258.0
Cu,2.0,-78.0,97.9,Cu_porphyry,124.0
Cu,18.0,-94.0,97.9,Cu_porphyry,319.0
Cu,16.0,-60.0,97.9,Cu_porphyry,729.0
Cu,-10.0,160.0,97.8,Cu_porphyry,24.0
Cu,-48.0,-72.0,97.8,Cu_porphyry,219.0
Cu,18.0,-92.0,97.8,Cu_porphyry,300.0
Cu,58.0,160.0,97.8,Cu_porphyry,392.0
Cu,-4.0,154.0,97.7,Cu_porphyry,275.0
Cu,26.0,122.0,97.7,Cu_porphyry,290.0
Cu,-2.0,146.0,97.7,Cu_porphyry,98.0
Cu,54.0,162.0,97.7,Cu_porphyry,284.0
Cu,46.0,140.0,97.7,Cu_VMS,286.0
Cu,-6.0,144.0,97.7,Cu_porphyry,132.0
Cu,4.0,124.0,97.6,Cu_porphyry,288.0
Cu,42.0,16.0,97.6,Cu_sediment,371.0
Cu,56.0,-166.0,97.6,Cu_porphyry,334.0
Cu,42.0,144.0,97.6,Cu_VMS,250.0
Cu,20.0,-96.0,97.6,Cu_porphyry,59.0
Cu,38.0,26.0,97.5,Cu_porphyry,204.0
Cu,52.0,160.0,97.5,Cu_porphyry,278.0
Cu,38.0,28.0,97.5,Cu_porphyry,193.0
Cu,12.0,-60.0,97.5,Cu_VMS,564.0
Cu,-10.0,156.0,97.5,Cu_porphyry,270.0
Cu,16.0,-94.0,97.5,Cu_porphyry,194.0
Cu,58.0,158.0,97.5,Cu_porphyry,285.0
Cu,46.0,146.0,97.4,Cu_VMS,195.0
Cu,-40.0,-74.0,97.3,Cu_porphyry,300.0
Cu,50.0,-178.0,97.3,Cu_porphyry,1385.0
Cu,32.0,138.0,97.3,Cu_VMS,342.0
Cu,58.0,156.0,97.3,Cu_porphyry,191.0
Cu,56.0,-154.0,97.3,Cu_porphyry,279.0
Cu,-2.0,150.0,97.2,Cu_porphyry,226.0
Cu,16.0,-64.0,97.2,Cu_porphyry,359.0
Cu,-8.0,152.0,97.2,Cu_porphyry,280.0
Cu,38.0,14.0,97.2,Cu_porphyry,441.0
Cu,58.0,162.0,97.2,Cu_porphyry,485.0
Cu,46.0,-126.0,97.2,Cu_porphyry,305.0
Cu,18.0,-106.0,97.1,Cu_VMS,247.0
Cu,32.0,128.0,97.1,Cu_VMS,307.0
Cu,38.0,16.0,97.1,Cu_porphyry,602.0
Cu,18.0,124.0,97.1,Cu_porphyry,293.0
Cu,38.0,-126.0,97.1,Cu_VMS,425.0
Cu,12.0,-90.0,97.1,Cu_VMS,395.0
Cu,26.0,120.0,97.1,Cu_porphyry,320.0
Cu,56.0,154.0,97.0,Cu_porphyry,297.0
Cu,40.0,18.0,97.0,Cu_porphyry,426.0
Cu,44.0,148.0,97.0,Cu_VMS,171.0
Cu,-8.0,154.0,97.0,Cu_porphyry,249.0
Cu,20.0,120.0,97.0,Cu_VMS,194.0
Cu,56.0,-168.0,97.0,Cu_porphyry,457.0
Cu,30.0,130.0,97.0,Cu_VMS,309.0
Cu,32.0,140.0,96.9,Cu_VMS,391.0
Cu,-4.0,156.0,96.9,Cu_porphyry,263.0
Cu,54.0,-178.0,96.9,Cu_porphyry,1145.0
Cu,54.0,154.0,96.9,Cu_porphyry,221.0
Cu,52.0,154.0,96.9,Cu_porphyry,314.0
Cu,-38.0,-74.0,96.9,Cu_porphyry,300.0
Cu,46.0,148.0,96.9,Cu_VMS,254.0
Cu,0.0,-76.0,96.8,Cu_porphyry,156.0
Cu,4.0,-78.0,96.8,Cu_VMS,165.0
Cu,36.0,26.0,96.8,Cu_porphyry,413.0
Cu,36.0,28.0,96.8,Cu_porphyry,407.0
Cu,-2.0,-76.0,96.8,Cu_porphyry,325.0
Cu,-50.0,-74.0,96.7,Cu_porphyry,460.0
Cu,50.0,-180.0,96.7,Cu_porphyry,1514.0
Cu,-4.0,130.0,96.7,Cu_porphyry,216.0
Cu,34.0,142.0,96.6,Cu_VMS,319.0
Cu,-46.0,-76.0,96.6,Cu_porphyry,297.0
Cu,16.0,124.0,96.6,Cu_porphyry,238.0
Cu,26.0,124.0,96.6,Cu_porphyry,382.0
Cu,50.0,156.0,96.6,Cu_porphyry,446.0
Cu,30.0,132.0,96.6,Cu_VMS,290.0
Cu,22.0,-108.0,96.6,Cu_porphyry,248.0
Cu,38.0,136.0,96.6,Cu_VMS,300.0
Cu,2.0,126.0,96.5,Cu_porphyry,330.0
Cu,2.0,-80.0,96.5,Cu_porphyry,243.0
Cu,6.0,128.0,96.5,Cu_porphyry,252.0
Cu,56.0,164.0,96.5,Cu_porphyry,437.0
Cu,42.0,146.0,96.5,Cu_VMS,249.0
Cu,2.0,124.0,96.5,Cu_porphyry,186.0
Cu,36.0,24.0,96.4,Cu_porphyry,436.0
Cu,-50.0,-72.0,96.4,Cu_porphyry,397.0
Cu,50.0,-174.0,96.4,Cu_porphyry,1138.0
Cu,36.0,30.0,96.4,Cu_VMS,249.0
Cu,14.0,118.0,96.4,Cu_porphyry,261.0
Cu,44.0,138.0,96.4,Cu_VMS,239.0
Cu,-6.0,158.0,96.4,Cu_porphyry,237.0
Cu,16.0,118.0,96.3,Cu_VMS,209.0
ZnPb,40.0,-126.0,99.3,ZnPb_SEDEX,797.0
ZnPb,30.0,-116.0,99.2,ZnPb_SEDEX,533.0
ZnPb,40.0,12.0,99.2,ZnPb_SEDEX,241.0
ZnPb,52.0,-130.0,99.1,ZnPb_SEDEX,222.0
ZnPb,48.0,-128.0,99.0,ZnPb_SEDEX,274.0
ZnPb,18.0,-106.0,99.0,ZnPb_SEDEX,594.0
ZnPb,28.0,-116.0,98.8,ZnPb_SEDEX,642.0
ZnPb,46.0,-126.0,98.7,ZnPb_SEDEX,489.0
ZnPb,52.0,-124.0,98.6,ZnPb_SEDEX,269.0
ZnPb,38.0,14.0,98.5,ZnPb_SEDEX,441.0
ZnPb,52.0,-122.0,98.4,ZnPb_SEDEX,201.0
ZnPb,36.0,14.0,98.3,ZnPb_SEDEX,442.0
ZnPb,36.0,-124.0,98.2,ZnPb_SEDEX,561.0
ZnPb,16.0,-104.0,98.1,ZnPb_SEDEX,548.0
ZnPb,42.0,-128.0,97.9,ZnPb_SEDEX,933.0
ZnPb,38.0,-126.0,97.8,ZnPb_SEDEX,736.0
ZnPb,44.0,8.0,97.8,ZnPb_SEDEX,231.0
ZnPb,40.0,14.0,97.8,ZnPb_SEDEX,411.0
ZnPb,48.0,8.0,97.6,ZnPb_SEDEX,266.0
ZnPb,46.0,2.0,97.5,ZnPb_SEDEX,238.0
ZnPb,22.0,-108.0,97.5,ZnPb_SEDEX,303.0
ZnPb,44.0,-128.0,97.4,ZnPb_SEDEX,712.0
ZnPb,20.0,-108.0,97.4,ZnPb_SEDEX,510.0
ZnPb,48.0,-130.0,97.4,ZnPb_SEDEX,343.0
ZnPb,16.0,-100.0,97.3,ZnPb_SEDEX,285.0
ZnPb,18.0,-98.0,97.2,ZnPb_SEDEX,179.0
ZnPb,54.0,-136.0,97.1,ZnPb_SEDEX,662.0
ZnPb,50.0,-132.0,97.1,ZnPb_SEDEX,322.0
ZnPb,42.0,8.0,97.1,ZnPb_SEDEX,247.0
ZnPb,16.0,-102.0,97.0,ZnPb_SEDEX,381.0
ZnPb,52.0,-132.0,97.0,ZnPb_SEDEX,336.0
ZnPb,40.0,18.0,97.0,ZnPb_SEDEX,410.0
ZnPb,2.0,-80.0,96.9,ZnPb_SEDEX,902.0
ZnPb,16.0,44.0,96.7,ZnPb_SEDEX,858.0
ZnPb,12.0,44.0,96.7,ZnPb_SEDEX,1065.0
ZnPb,34.0,10.0,96.4,ZnPb_SEDEX,253.0
ZnPb,8.0,-82.0,96.4,ZnPb_SEDEX,1013.0
ZnPb,48.0,6.0,96.3,ZnPb_SEDEX,289.0
ZnPb,8.0,124.0,96.2,ZnPb_SEDEX,1001.0
ZnPb,16.0,-62.0,96.2,ZnPb_SEDEX,2453.0
ZnPb,50.0,12.0,96.2,ZnPb_SEDEX,44.0
ZnPb,-2.0,-82.0,96.1,ZnPb_SEDEX,615.0
ZnPb,52.0,-134.0,96.1,ZnPb_SEDEX,462.0
ZnPb,-44.0,-74.0,96.1,ZnPb_SEDEX,201.0
ZnPb,18.0,122.0,96.1,ZnPb_SEDEX,233.0
ZnPb,16.0,42.0,96.1,ZnPb_SEDEX,652.0
ZnPb,34.0,12.0,96.1,ZnPb_SEDEX,366.0
ZnPb,22.0,-112.0,96.0,ZnPb_SEDEX,616.0
ZnPb,40.0,-128.0,95.9,ZnPb_SEDEX,949.0
ZnPb,40.0,22.0,95.9,ZnPb_SEDEX,163.0
ZnPb,36.0,22.0,95.9,ZnPb_SEDEX,264.0
ZnPb,34.0,132.0,95.8,ZnPb_SEDEX,72.0
ZnPb,48.0,4.0,95.8,ZnPb_SEDEX,336.0
ZnPb,34.0,138.0,95.8,ZnPb_SEDEX,236.0
ZnPb,42.0,16.0,95.8,ZnPb_SEDEX,309.0
ZnPb,30.0,-118.0,95.8,ZnPb_SEDEX,692.0
ZnPb,36.0,26.0,95.8,ZnPb_SEDEX,257.0
ZnPb,56.0,114.0,95.7,ZnPb_SEDEX,255.0
ZnPb,-50.0,-74.0,95.7,ZnPb_SEDEX,306.0
ZnPb,-2.0,-76.0,95.7,ZnPb_SEDEX,489.0
ZnPb,40.0,6.0,95.7,ZnPb_SEDEX,222.0
ZnPb,6.0,124.0,95.7,ZnPb_SEDEX,1211.0
ZnPb,46.0,-128.0,95.7,ZnPb_SEDEX,491.0
ZnPb,42.0,6.0,95.7,ZnPb_SEDEX,290.0
ZnPb,48.0,2.0,95.6,ZnPb_SEDEX,420.0
ZnPb,42.0,144.0,95.6,ZnPb_SEDEX,462.0
ZnPb,26.0,122.0,95.6,ZnPb_SEDEX,748.0
ZnPb,40.0,144.0,95.6,ZnPb_SEDEX,328.0
ZnPb,12.0,46.0,95.6,ZnPb_SEDEX,1245.0
ZnPb,6.0,-78.0,95.5,ZnPb_SEDEX,1320.0
ZnPb,16.0,-94.0,95.5,ZnPb_SEDEX,645.0
ZnPb,8.0,128.0,95.5,ZnPb_SEDEX,1235.0
ZnPb,40.0,16.0,95.5,ZnPb_SEDEX,503.0
ZnPb,-4.0,-82.0,95.5,ZnPb_SEDEX,484.0
ZnPb,54.0,-176.0,95.5,ZnPb_SEDEX,1782.0
ZnPb,8.0,-86.0,95.4,ZnPb_SEDEX,795.0
ZnPb,18.0,-92.0,95.4,ZnPb_SEDEX,541.0
ZnPb,16.0,-64.0,95.4,ZnPb_SEDEX,2250.0
ZnPb,54.0,118.0,95.4,ZnPb_SEDEX,319.0
ZnPb,36.0,132.0,95.3,ZnPb_SEDEX,151.0
ZnPb,54.0,6.0,95.3,ZnPb_SEDEX,346.0
ZnPb,16.0,-106.0,95.3,ZnPb_SEDEX,737.0
ZnPb,54.0,-126.0,95.3,ZnPb_SEDEX,178.0
ZnPb,56.0,-166.0,95.3,ZnPb_SEDEX,1353.0
ZnPb,20.0,-64.0,95.2,ZnPb_SEDEX,2100.0
ZnPb,14.0,120.0,95.2,ZnPb_SEDEX,271.0
ZnPb,-50.0,-72.0,95.2,ZnPb_SEDEX,288.0
ZnPb,34.0,140.0,95.2,ZnPb_SEDEX,241.0
ZnPb,-48.0,-70.0,95.1,ZnPb_SEDEX,195.0
ZnPb,54.0,-120.0,95.1,ZnPb_SEDEX,245.0
ZnPb,20.0,-62.0,95.1,ZnPb_SEDEX,2307.0
ZnPb,58.0,-128.0,95.1,ZnPb_SEDEX,123.0
ZnPb,54.0,-178.0,95.0,ZnPb_SEDEX,1846.0
ZnPb,42.0,136.0,95.0,ZnPb_SEDEX,285.0
ZnPb,4.0,-78.0,95.0,ZnPb_SEDEX,1098.0
ZnPb,46.0,-2.0,95.0,ZnPb_SEDEX,302.0
ZnPb,58.0,-148.0,95.0,ZnPb_SEDEX,924.0
ZnPb,12.0,122.0,95.0,ZnPb_SEDEX,508.0
ZnPb,56.0,-126.0,94.9,ZnPb_SEDEX,60.0
ZnPb,56.0,96.0,94.9,ZnPb_SEDEX,283.0
ZnPb,-36.0,-74.0,94.9,ZnPb_SEDEX,739.0
ZnPb,42.0,138.0,94.9,ZnPb_SEDEX,346.0
ZnPb,-46.0,-76.0,94.9,ZnPb_SEDEX,274.0
ZnPb,-42.0,-72.0,94.9,ZnPb_SEDEX,337.0
ZnPb,16.0,124.0,94.8,ZnPb_SEDEX,365.0
ZnPb,20.0,-110.0,94.8,ZnPb_SEDEX,604.0
ZnPb,46.0,0.0,94.8,ZnPb_SEDEX,332.0
ZnPb,-40.0,-68.0,94.8,ZnPb_SEDEX,651.0
ZnPb,12.0,-90.0,94.8,ZnPb_SEDEX,380.0
ZnPb,14.0,126.0,94.8,ZnPb_SEDEX,638.0
ZnPb,10.0,126.0,94.7,ZnPb_SEDEX,921.0
ZnPb,16.0,-66.0,94.6,ZnPb_SEDEX,2049.0
ZnPb,52.0,-164.0,94.6,ZnPb_SEDEX,1742.0
ZnPb,58.0,-162.0,94.6,ZnPb_SEDEX,1051.0
ZnPb,0.0,-82.0,94.6,ZnPb_SEDEX,787.0
ZnPb,-22.0,-72.0,94.6,ZnPb_SEDEX,659.0
ZnPb,56.0,-154.0,94.6,ZnPb_SEDEX,1244.0
ZnPb,56.0,94.0,94.5,ZnPb_SEDEX,238.0
ZnPb,10.0,42.0,94.5,ZnPb_SEDEX,1074.0
ZnPb,42.0,-102.0,94.5,ZnPb_SEDEX,449.0
