family,cell_lat,cell_lon,score_pct,nearest_anchor_lat,nearest_anchor_lon,nearest_km
Au_sed,44.0,-114.0,99.6,42.08,-113.04,227.0
Au_sed,36.0,-112.0,99.6,37.39,-113.88,228.0
Au_sed,36.0,106.0,99.6,34.54,104.21,230.0
Au_sed,44.0,-112.0,99.6,42.08,-113.04,230.0
Au_sed,28.0,114.0,99.6,29.92,114.88,230.0
Au_sed,42.0,-110.0,99.5,40.59,-112.13,237.0
Au_sed,40.0,-120.0,99.5,40.93,-117.5,235.0
Au_sed,42.0,-120.0,99.5,40.93,-117.5,240.0
Au_sed,28.0,116.0,99.5,29.92,114.88,239.0
Au_sed,34.0,112.0,99.5,33.33,109.5,243.0
Au_sed,22.0,104.0,99.5,23.6,105.61,242.0
Au_sed,36.0,-116.0,99.5,37.39,-113.88,244.0
Au_sed,32.0,114.0,99.5,29.92,114.88,246.0
Au_sed,2.0,108.0,99.5,1.41,110.15,248.0
Au_sed,28.0,106.0,99.5,25.92,105.02,251.0
Au_sed,28.0,104.0,99.5,25.92,105.02,253.0
Au_sed,32.0,116.0,99.5,29.92,114.88,255.0
Au_sed,30.0,104.0,99.4,32.28,104.26,255.0
Au_sed,0.0,112.0,99.4,1.41,110.15,259.0
Au_sed,36.0,50.0,99.4,36.72,47.14,268.0
Au_sed,30.0,112.0,99.4,29.92,114.88,278.0
Au_sed,32.0,112.0,99.4,33.33,109.5,277.0
Au_sed,0.0,108.0,99.4,1.41,110.15,286.0
Au_sed,44.0,-116.0,99.4,41.42,-115.98,287.0
Au_sed,4.0,110.0,99.4,1.41,110.15,288.0
Au_sed,38.0,50.0,99.4,36.72,47.14,290.0
Au_sed,36.0,100.0,99.4,34.08,102.17,291.0
Au_sed,24.0,102.0,99.4,24.43,104.83,290.0
Au_sed,28.0,110.0,99.4,26.22,107.8,294.0
Au_sed,36.0,44.0,99.4,36.72,47.14,292.0
Au_sed,38.0,-120.0,99.3,38.96,-116.85,294.0
Au_sed,22.0,112.0,99.3,22.62,109.18,298.0
Au_sed,36.0,110.0,99.3,33.33,109.5,300.0
Au_sed,30.0,118.0,99.3,29.92,114.88,301.0
Au_sed,26.0,102.0,99.3,25.38,104.93,302.0
Au_sed,20.0,110.0,99.3,22.62,109.18,304.0
Au_sed,30.0,106.0,99.3,32.28,104.26,303.0
Au_sed,32.0,100.0,99.3,34.08,102.17,307.0
Au_sed,38.0,44.0,99.3,36.72,47.14,312.0
Au_sed,0.0,122.0,99.3,0.89,124.67,312.0
Au_sed,34.0,48.0,99.3,36.72,47.14,312.0
Au_sed,44.0,-118.0,99.3,41.25,-117.17,314.0
Au_sed,38.0,-110.0,99.2,39.53,-113.01,311.0
Au_sed,20.0,108.0,99.2,22.62,109.18,317.0
Au_sed,34.0,46.0,99.2,36.72,47.14,320.0
Au_sed,2.0,122.0,99.2,0.89,124.67,321.0
Au_sed,44.0,-110.0,99.2,42.08,-113.04,327.0
Au_sed,24.0,112.0,99.2,22.62,109.18,326.0
Au_sed,36.0,108.0,99.2,33.33,109.5,326.0
Au_sed,-2.0,124.0,99.2,0.89,124.67,329.0
Au_sed,30.0,102.0,99.2,32.28,104.26,333.0
Au_sed,36.0,-118.0,99.2,38.96,-116.85,344.0
Au_sed,4.0,112.0,99.2,1.41,110.15,353.0
Au_sed,-2.0,126.0,99.2,0.89,124.67,354.0
Au_sed,4.0,124.0,99.2,0.89,124.67,354.0
Au_sed,28.0,112.0,99.1,29.92,114.88,352.0
Au_sed,40.0,-108.0,99.1,40.59,-112.13,357.0
Au_sed,40.0,48.0,99.1,36.72,47.14,372.0
Au_sed,36.0,112.0,99.1,33.33,109.5,375.0
Au_sed,28.0,118.0,99.1,29.92,114.88,371.0
Au_sed,4.0,108.0,99.1,1.41,110.15,374.0
Au_sed,30.0,110.0,99.1,33.33,109.5,374.0
Au_sed,32.0,118.0,99.1,29.92,114.88,377.0
Au_sed,42.0,-108.0,99.1,40.59,-112.13,379.0
Au_sed,28.0,102.0,99.1,25.92,105.02,378.0
Au_sed,4.0,126.0,99.1,0.89,124.67,376.0
Au_sed,34.0,-114.0,99.1,37.39,-113.88,377.0
Au_sed,40.0,46.0,99.0,36.72,47.14,378.0
Au_sed,44.0,-120.0,99.0,41.21,-117.25,383.0
Au_sed,-2.0,110.0,99.0,1.41,110.15,380.0
Au_sed,36.0,-110.0,99.0,37.39,-113.88,379.0
Au_sed,0.0,128.0,99.0,0.89,124.67,384.0
Au_sed,34.0,98.0,99.0,34.08,102.17,384.0
Au_sed,38.0,104.0,99.0,34.54,104.21,385.0
Au_sed,42.0,-122.0,99.0,40.93,-117.5,393.0
Au_sed,2.0,128.0,99.0,0.89,124.67,391.0
Au_sed,40.0,-122.0,99.0,40.93,-117.5,394.0
Au_sed,22.0,102.0,99.0,24.43,104.83,395.0
Au_sed,30.0,108.0,99.0,33.33,109.5,397.0
Au_sed,34.0,50.0,99.0,36.72,47.14,398.0
Au_sed,20.0,106.0,98.9,23.6,105.61,402.0
Au_sed,20.0,112.0,98.9,22.62,109.18,413.0
Au_sed,34.0,-112.0,98.9,37.39,-113.88,413.0
Au_sed,38.0,106.0,98.9,34.54,104.21,417.0
Au_sed,34.0,44.0,98.9,36.72,47.14,415.0
Au_sed,26.0,112.0,98.9,26.22,107.8,420.0
Au_sed,34.0,114.0,98.9,33.33,109.5,423.0
Au_sed,34.0,-116.0,98.9,37.39,-113.88,423.0
Au_sed,38.0,102.0,98.9,34.21,102.7,426.0
Au_sed,36.0,98.0,98.9,34.08,102.17,435.0
Au_sed,-2.0,112.0,98.9,1.41,110.15,432.0
Au_sed,2.0,114.0,98.9,1.41,110.15,433.0
Au_sed,20.0,104.0,98.8,23.6,105.61,433.0
Au_sed,36.0,-120.0,98.8,38.96,-116.85,431.0
Au_sed,-2.0,122.0,98.8,0.89,124.67,437.0
Au_sed,40.0,50.0,98.8,36.72,47.14,442.0
Au_sed,46.0,-114.0,98.8,42.08,-113.04,443.0
Au_sed,46.0,-112.0,98.8,42.08,-113.04,444.0
Au_sed,26.0,114.0,98.8,29.92,114.88,444.0
Au_sed,36.0,52.0,98.8,36.72,47.14,442.0
Au_sed,-2.0,108.0,98.8,1.41,110.15,449.0
Au_sed,38.0,52.0,98.8,36.72,47.14,452.0
Au_sed,38.0,-108.0,98.8,40.31,-112.21,445.0
Au_sed,26.0,116.0,98.8,29.92,114.88,449.0
Au_sed,30.0,100.0,98.8,32.88,103.3,448.0
Au_sed,40.0,44.0,98.7,36.72,47.14,456.0
Au_sed,4.0,122.0,98.7,0.89,124.67,456.0
Au_sed,32.0,98.0,98.7,34.08,102.17,452.0
Au_sed,0.0,114.0,98.7,1.41,110.15,456.0
Au_sed,44.0,-108.0,98.7,42.08,-113.04,462.0
Au_sed,38.0,-122.0,98.7,38.96,-116.85,461.0
Au_sed,34.0,116.0,98.7,29.92,114.88,466.0
Au_sed,2.0,106.0,98.7,1.41,110.15,466.0
Au_sed,36.0,42.0,98.7,36.72,47.14,467.0
Au_sed,38.0,42.0,98.7,36.72,47.14,476.0
Au_sed,38.0,100.0,98.7,34.08,102.17,478.0
Au_sed,0.0,106.0,98.7,1.41,110.15,488.0
Au_sed,44.0,-122.0,98.6,41.21,-117.25,497.0
Au_sed,-2.0,128.0,98.6,0.89,124.67,490.0
Au_sed,46.0,-116.0,98.6,42.08,-113.04,496.0
Cu_VMS,34.0,98.0,94.4,35.43,99.68,222.0
Cu_VMS,48.0,74.0,94.4,49.33,76.24,221.0
Cu_VMS,36.0,-116.0,94.3,34.91,-113.92,224.0
Cu_VMS,44.0,124.0,94.3,42.03,124.52,223.0
Cu_VMS,46.0,-114.0,94.3,45.23,-116.67,225.0
Cu_VMS,44.0,-6.0,94.3,42.88,-8.32,225.0
Cu_VMS,70.0,28.0,94.3,69.3,22.48,227.0
Cu_VMS,-22.0,148.0,94.3,-20.34,146.77,225.0
Cu_VMS,62.0,-126.0,94.3,61.43,-130.13,227.0
Cu_VMS,66.0,146.0,94.3,66.45,141.14,223.0
Cu_VMS,68.0,-116.0,94.3,67.38,-110.85,228.0
Cu_VMS,20.0,122.0,94.3,18.38,120.7,226.0
Cu_VMS,-28.0,-72.0,94.3,-26.59,-70.35,226.0
Cu_VMS,38.0,96.0,94.3,39.33,97.94,225.0
Cu_VMS,48.0,82.0,94.3,49.43,84.15,224.0
Cu_VMS,56.0,88.0,94.2,54.38,85.81,228.0
Cu_VMS,28.0,104.0,94.2,28.6,101.8,225.0
Cu_VMS,20.0,-80.0,94.2,22.03,-80.15,226.0
Cu_VMS,50.0,96.0,94.2,52.02,95.59,226.0
Cu_VMS,-12.0,-50.0,94.2,-13.08,-48.24,226.0
Cu_VMS,44.0,88.0,94.2,42.28,89.52,228.0
Cu_VMS,64.0,-152.0,94.2,63.75,-147.37,228.0
Cu_VMS,18.0,-76.0,94.2,20.04,-75.94,227.0
Cu_VMS,34.0,104.0,94.2,33.18,106.26,228.0
Cu_VMS,58.0,-148.0,94.2,60.05,-147.9,228.0
Cu_VMS,54.0,82.0,94.2,54.45,85.4,227.0
Cu_VMS,62.0,18.0,94.2,64.0,19.0,228.0
Cu_VMS,26.0,58.0,94.1,24.55,56.38,229.0
Cu_VMS,44.0,6.0,94.1,45.8,4.61,228.0
Cu_VMS,36.0,42.0,94.1,38.05,42.14,229.0
Cu_VMS,28.0,36.0,94.1,26.45,37.54,229.0
Cu_VMS,38.0,-76.0,94.1,37.44,-78.51,230.0
Cu_VMS,-40.0,144.0,94.1,-41.58,145.72,228.0
Cu_VMS,10.0,128.0,94.1,9.16,126.09,229.0
Cu_VMS,46.0,-78.0,94.1,48.05,-77.71,229.0
Cu_VMS,44.0,-62.0,94.1,45.73,-60.44,228.0
Cu_VMS,42.0,138.0,94.1,41.22,140.57,231.0
Cu_VMS,40.0,124.0,94.1,42.03,124.52,230.0
Cu_VMS,22.0,102.0,94.1,24.05,101.65,231.0
Cu_VMS,-32.0,154.0,94.1,-30.77,152.03,232.0
Cu_VMS,46.0,-94.0,94.0,45.44,-91.12,232.0
Cu_VMS,36.0,-10.0,94.0,37.78,-8.66,231.0
Cu_VMS,50.0,88.0,94.0,48.33,86.05,234.0
Cu_VMS,56.0,-96.0,94.0,56.48,-99.64,231.0
Cu_VMS,16.0,42.0,94.0,17.43,43.59,232.0
Cu_VMS,-10.0,126.0,94.0,-9.8,123.88,233.0
Cu_VMS,-20.0,126.0,94.0,-18.44,127.49,233.0
Cu_VMS,46.0,-86.0,94.0,45.48,-88.92,234.0
Cu_VMS,48.0,56.0,94.0,49.16,58.61,231.0
Cu_VMS,-28.0,-68.0,94.0,-26.67,-69.83,234.0
Cu_VMS,68.0,-150.0,94.0,67.08,-155.03,237.0
Cu_VMS,-22.0,-42.0,94.0,-20.51,-43.6,234.0
Cu_VMS,36.0,-122.0,93.9,37.6,-120.32,233.0
Cu_VMS,52.0,-56.0,93.9,49.9,-56.06,234.0
Cu_VMS,60.0,64.0,93.9,60.56,59.95,232.0
Cu_VMS,-36.0,152.0,93.9,-35.59,149.44,235.0
Cu_VMS,54.0,64.0,93.9,55.63,61.71,233.0
Cu_VMS,36.0,-110.0,93.9,34.75,-112.11,236.0
Cu_VMS,58.0,2.0,93.9,59.19,5.3,233.0
Cu_VMS,58.0,56.0,93.9,57.58,59.92,237.0
Cu_VMS,48.0,-96.0,93.9,49.42,-93.65,234.0
Cu_VMS,52.0,-72.0,93.9,50.64,-74.64,238.0
Cu_VMS,34.0,-8.0,93.9,31.88,-8.19,236.0
Cu_VMS,64.0,-132.0,93.9,61.88,-131.42,237.0
Cu_VMS,32.0,120.0,93.9,29.91,120.51,237.0
Cu_VMS,40.0,-10.0,93.8,38.22,-8.46,238.0
Cu_VMS,66.0,136.0,93.8,66.45,141.14,236.0
Cu_VMS,20.0,-98.0,93.8,18.57,-99.7,239.0
Cu_VMS,56.0,-136.0,93.8,55.29,-132.39,240.0
Cu_VMS,24.0,104.0,93.8,24.05,101.65,239.0
Cu_VMS,60.0,-126.0,93.8,58.21,-128.36,241.0
Cu_VMS,66.0,-118.0,93.8,64.2,-115.12,241.0
Cu_VMS,64.0,-120.0,93.8,64.2,-115.12,238.0
Cu_VMS,44.0,138.0,93.8,42.99,140.64,241.0
Cu_VMS,32.0,136.0,93.8,33.63,134.35,238.0
Cu_VMS,36.0,130.0,93.8,35.21,132.47,240.0
Cu_VMS,36.0,36.0,93.8,35.03,33.62,241.0
Cu_VMS,62.0,-136.0,93.7,61.88,-131.42,240.0
Cu_VMS,50.0,6.0,93.7,48.47,3.63,242.0
Cu_VMS,60.0,12.0,93.7,61.72,9.37,238.0
Cu_VMS,-14.0,180.0,93.7,-16.16,179.96,241.0
Cu_VMS,30.0,-10.0,93.7,31.36,-8.06,240.0
Cu_VMS,10.0,120.0,93.7,10.84,122.03,241.0
Cu_VMS,40.0,-6.0,93.7,38.27,-7.72,243.0
Cu_VMS,30.0,118.0,93.7,29.91,120.51,242.0
Cu_VMS,66.0,-148.0,93.7,63.84,-147.27,242.0
Cu_VMS,62.0,56.0,93.7,60.75,59.8,246.0
Cu_VMS,58.0,-152.0,93.7,60.12,-152.97,243.0
Cu_VMS,-30.0,124.0,93.7,-28.98,121.77,244.0
Cu_porphyry,30.0,-114.0,93.6,28.03,-113.57,223.0
Cu_porphyry,24.0,-104.0,93.6,23.33,-106.07,223.0
Cu_porphyry,-22.0,-72.0,93.6,-22.53,-69.92,222.0
Cu_porphyry,54.0,130.0,93.6,53.75,126.62,224.0
Cu_porphyry,0.0,120.0,93.6,0.95,121.77,224.0
Cu_porphyry,42.0,48.0,93.6,40.53,46.15,225.0
Cu_porphyry,44.0,90.0,93.6,42.53,91.92,225.0
Cu_porphyry,52.0,-118.0,93.6,50.64,-120.42,226.0
Cu_porphyry,-28.0,20.0,93.6,-28.68,17.85,224.0
Cu_porphyry,58.0,-154.0,93.6,59.9,-155.3,224.0
Cu_porphyry,-4.0,-82.0,93.6,-4.33,-80.0,225.0
Cu_VMS,54.0,94.0,93.6,52.02,95.59,245.0
Cu_VMS,-24.0,148.0,93.6,-23.63,150.37,244.0
Cu_VMS,58.0,-154.0,93.6,60.12,-152.97,244.0
Cu_VMS,32.0,102.0,93.6,31.25,99.57,245.0
Cu_VMS,68.0,10.0,93.6,67.08,15.33,248.0
Cu_VMS,-28.0,124.0,93.6,-28.98,121.77,244.0
Cu_VMS,42.0,-70.0,93.6,43.43,-72.25,243.0
Cu_VMS,-12.0,124.0,93.6,-9.8,123.88,245.0
Cu_VMS,44.0,34.0,93.6,41.81,33.69,245.0
Cu_VMS,6.0,118.0,93.6,7.98,117.03,245.0
Cu_VMS,64.0,-130.0,93.6,61.88,-131.42,246.0
Cu_VMS,48.0,-72.0,93.6,45.94,-70.81,246.0
Cu_VMS,52.0,92.0,93.6,52.02,95.59,245.0
Cu_porphyry,48.0,56.0,93.5,48.93,58.68,223.0
Cu_porphyry,-38.0,-68.0,93.5,-37.43,-70.47,226.0
Cu_porphyry,48.0,-76.0,93.5,48.27,-79.0,225.0
Cu_porphyry,50.0,56.0,93.5,48.93,58.68,227.0
Cu_porphyry,68.0,-144.0,93.5,67.63,-149.33,228.0
Cu_porphyry,46.0,-80.0,93.5,47.97,-80.75,226.0
Cu_porphyry,64.0,-134.0,93.5,62.34,-136.69,229.0
Cu_porphyry,-44.0,-72.0,93.5,-46.03,-72.15,226.0
Cu_porphyry,46.0,-82.0,93.5,47.09,-84.48,225.0
Cu_porphyry,-2.0,150.0,93.5,-3.2,151.65,227.0
Cu_porphyry,54.0,100.0,93.5,53.43,96.67,228.0
Cu_porphyry,28.0,66.0,93.5,29.55,64.5,226.0
Cu_VMS,56.0,-126.0,93.5,55.44,-129.82,247.0
Cu_VMS,52.0,-78.0,93.5,49.79,-77.83,246.0
Cu_VMS,58.0,24.0,93.5,60.19,23.37,246.0
Cu_VMS,66.0,-146.0,93.5,63.84,-147.27,247.0
Cu_VMS,8.0,128.0,93.5,9.16,126.09,246.0
Cu_VMS,16.0,-100.0,93.5,18.22,-100.12,247.0
Cu_VMS,40.0,32.0,93.5,41.8,33.7,246.0
Cu_VMS,34.0,36.0,93.5,35.03,33.62,246.0
Cu_VMS,18.0,-106.0,93.5,20.04,-105.07,248.0
Cu_VMS,10.0,118.0,93.5,7.98,117.03,248.0
Cu_VMS,8.0,120.0,93.5,7.28,122.13,248.0
Cu_VMS,6.0,116.0,93.5,7.98,117.03,248.0
Cu_porphyry,38.0,24.0,93.4,39.81,25.19,226.0
Cu_porphyry,2.0,102.0,93.4,3.85,102.87,227.0
Cu_porphyry,60.0,-142.0,93.4,62.03,-141.58,227.0
Cu_porphyry,46.0,18.0,93.4,47.91,19.05,227.0
Cu_porphyry,40.0,114.0,93.4,41.72,112.55,227.0
Cu_porphyry,-32.0,138.0,93.4,-32.77,140.24,227.0
Cu_porphyry,18.0,-76.0,93.4,20.05,-75.95,228.0
Cu_porphyry,-16.0,178.0,93.4,-18.04,178.18,228.0
Cu_porphyry,-28.0,-64.0,93.4,-27.38,-66.22,229.0
Cu_porphyry,-12.0,-72.0,93.4,-14.03,-72.33,228.0
Cu_porphyry,44.0,28.0,93.4,41.97,27.53,228.0
Cu_porphyry,68.0,16.0,93.4,66.53,19.81,232.0
Cu_porphyry,2.0,120.0,93.4,0.95,121.77,229.0
Cu_VMS,-20.0,122.0,93.4,-21.61,120.35,248.0
Cu_VMS,22.0,100.0,93.4,24.23,99.9,249.0
Cu_VMS,24.0,54.0,93.4,24.33,56.42,248.0
Cu_VMS,60.0,-134.0,93.4,61.46,-130.61,246.0
Cu_VMS,34.0,-104.0,93.4,35.76,-105.67,248.0
Cu_VMS,58.0,-106.0,93.4,56.12,-103.7,251.0
Cu_porphyry,60.0,-132.0,93.3,58.25,-129.83,230.0
Cu_porphyry,34.0,110.0,93.3,35.5,111.7,228.0
Cu_porphyry,54.0,72.0,93.3,51.95,72.33,229.0
Cu_porphyry,-30.0,150.0,93.3,-29.84,152.37,229.0
Cu_porphyry,-26.0,-72.0,93.3,-26.77,-69.87,229.0
Cu_porphyry,-20.0,138.0,93.3,-20.34,140.17,230.0
Cu_porphyry,52.0,90.0,93.3,54.05,89.57,230.0
Cu_porphyry,-8.0,150.0,93.3,-5.97,150.38,230.0
Cu_porphyry,-18.0,176.0,93.3,-18.04,178.18,230.0
Cu_porphyry,26.0,-114.0,93.3,28.03,-113.57,230.0
Cu_porphyry,34.0,120.0,93.3,32.07,119.1,231.0
Cu_porphyry,20.0,-68.0,93.3,18.25,-66.82,231.0
Cu_porphyry,-30.0,16.0,93.2,-28.68,17.85,231.0
Cu_porphyry,-14.0,-78.0,93.2,-12.98,-76.14,231.0
Cu_porphyry,34.0,-106.0,93.2,32.85,-108.09,233.0
Cu_porphyry,52.0,4.0,93.2,50.28,5.92,233.0
Cu_porphyry,4.0,116.0,93.2,6.03,116.47,232.0
Cu_porphyry,24.0,80.0,93.2,22.02,80.72,232.0
Cu_porphyry,14.0,-94.0,93.2,15.32,-92.33,232.0
Cu_porphyry,30.0,-102.0,93.2,29.8,-104.4,233.0
Cu_porphyry,36.0,-110.0,93.2,37.41,-108.09,231.0
Cu_porphyry,-38.0,140.0,93.2,-37.61,142.61,233.0
Cu_porphyry,66.0,64.0,93.2,67.87,66.33,231.0
Cu_porphyry,54.0,86.0,93.2,54.05,89.57,233.0
Cu_porphyry,52.0,156.0,93.2,53.92,157.38,232.0
ZnPb_SEDEX,40.0,6.0,93.2,39.42,8.5,223.0
Cu_porphyry,44.0,18.0,93.1,43.23,20.72,235.0
Cu_porphyry,44.0,-60.0,93.1,46.08,-60.37,233.0
Cu_porphyry,-50.0,-66.0,93.1,-48.08,-67.31,234.0
Cu_porphyry,-4.0,144.0,93.1,-5.75,145.17,234.0
Cu_porphyry,64.0,30.0,93.1,63.77,25.23,235.0
Cu_porphyry,50.0,80.0,93.1,50.03,76.73,234.0
Cu_porphyry,68.0,26.0,93.1,67.07,20.96,238.0
Cu_porphyry,64.0,-146.0,93.1,63.52,-141.32,236.0
Cu_porphyry,52.0,124.0,93.1,50.17,125.69,236.0
Cu_porphyry,0.0,100.0,93.1,-1.7,101.25,235.0
Cu_porphyry,58.0,148.0,93.1,59.72,150.32,233.0
Cu_porphyry,12.0,120.0,93.1,13.8,121.13,235.0
ZnPb_SEDEX,72.0,-90.0,93.1,73.06,-84.51,218.0
ZnPb_SEDEX,66.0,26.0,93.1,64.06,24.79,223.0
ZnPb_SEDEX,52.0,-130.0,93.1,50.64,-127.6,225.0
ZnPb_SEDEX,28.0,98.0,93.1,26.43,99.41,224.0
ZnPb_SEDEX,36.0,50.0,93.1,34.09,49.24,223.0
ZnPb_SEDEX,44.0,26.0,93.1,43.14,23.48,225.0
ZnPb_SEDEX,34.0,118.0,93.1,32.16,118.97,224.0
ZnPb_SEDEX,40.0,-90.0,93.1,38.1,-90.86,224.0
ZnPb_SEDEX,60.0,96.0,93.1,58.53,93.25,226.0
ZnPb_SEDEX,46.0,116.0,93.1,46.78,113.33,223.0
ZnPb_SEDEX,-34.0,150.0,93.1,-32.02,149.54,224.0
ZnPb_SEDEX,30.0,78.0,93.1,29.76,80.31,225.0
Cu_porphyry,20.0,-80.0,93.0,22.12,-80.03,235.0
Cu_porphyry,42.0,-108.0,93.0,43.88,-109.31,235.0
Cu_porphyry,40.0,92.0,93.0,42.08,92.52,236.0
Cu_porphyry,52.0,22.0,93.0,50.47,19.62,238.0
Cu_porphyry,-4.0,126.0,93.0,-3.61,128.09,236.0
Cu_porphyry,66.0,-146.0,93.0,67.63,-149.33,233.0
Cu_porphyry,52.0,78.0,93.0,50.03,76.73,237.0
Cu_porphyry,20.0,80.0,93.0,22.02,80.72,236.0
Cu_porphyry,-38.0,178.0,93.0,-37.1,175.56,238.0
Cu_porphyry,68.0,72.0,93.0,67.87,66.33,237.0
Cu_porphyry,-46.0,-68.0,93.0,-48.08,-67.31,237.0
Cu_porphyry,70.0,66.0,93.0,67.87,66.33,238.0
Cu_porphyry,34.0,118.0,93.0,32.07,119.1,238.0
ZnPb_SEDEX,68.0,22.0,93.0,68.37,16.71,222.0
ZnPb_SEDEX,58.0,108.0,93.0,56.26,109.92,226.0
ZnPb_SEDEX,42.0,116.0,93.0,40.85,118.23,226.0
ZnPb_SEDEX,-30.0,142.0,93.0,-31.97,141.47,225.0
ZnPb_SEDEX,-42.0,148.0,93.0,-41.89,145.28,225.0
ZnPb_SEDEX,74.0,-78.0,93.0,73.06,-84.51,230.0
ZnPb_SEDEX,-34.0,142.0,93.0,-32.05,141.33,225.0
ZnPb_SEDEX,50.0,62.0,93.0,52.02,62.34,225.0
ZnPb_SEDEX,48.0,-114.0,93.0,49.73,-115.59,224.0
ZnPb_SEDEX,34.0,120.0,93.0,32.16,118.97,226.0
ZnPb_SEDEX,68.0,-118.0,93.0,66.97,-113.32,230.0
ZnPb_SEDEX,62.0,-118.0,93.0,60.83,-114.45,229.0
ZnPb_SEDEX,34.0,-86.0,93.0,35.59,-84.47,226.0
Cu_porphyry,56.0,88.0,92.9,54.05,89.57,239.0
Cu_porphyry,-6.0,158.0,92.9,-8.08,157.52,238.0
Cu_porphyry,52.0,-74.0,92.9,49.87,-74.23,238.0
Cu_porphyry,52.0,8.0,92.9,50.28,5.92,240.0
Cu_porphyry,16.0,124.0,92.9,14.23,122.73,239.0
Cu_porphyry,6.0,-82.0,92.9,7.63,-80.6,238.0
Cu_porphyry,28.0,-116.0,92.9,28.03,-113.57,239.0
Cu_porphyry,-4.0,148.0,92.9,-2.12,146.95,240.0
Cu_porphyry,56.0,160.0,92.9,54.28,157.67,242.0
Cu_porphyry,-12.0,30.0,92.9,-12.61,27.88,240.0
Cu_porphyry,34.0,52.0,92.9,33.54,54.54,241.0
Cu_porphyry,6.0,94.0,92.9,5.03,95.95,241.0
ZnPb_SEDEX,-18.0,16.0,92.9,-19.24,17.72,227.0
ZnPb_SEDEX,-2.0,110.0,92.9,-2.71,108.07,228.0
ZnPb_SEDEX,-6.0,-76.0,92.9,-5.89,-78.06,228.0
ZnPb_SEDEX,54.0,-12.0,92.9,54.21,-8.53,228.0
ZnPb_SEDEX,48.0,22.0,92.9,46.03,22.87,229.0
ZnPb_SEDEX,20.0,84.0,92.9,22.05,83.92,228.0
ZnPb_SEDEX,48.0,78.0,92.9,49.37,75.71,227.0
ZnPb_SEDEX,14.0,-90.0,92.9,14.86,-88.08,228.0
ZnPb_SEDEX,58.0,-100.0,92.9,57.48,-103.75,230.0
ZnPb_SEDEX,-30.0,150.0,92.9,-32.02,149.54,229.0
ZnPb_SEDEX,-30.0,22.0,92.9,-28.47,23.6,230.0
ZnPb_SEDEX,-14.0,-74.0,92.9,-12.38,-75.32,229.0
Cu_porphyry,50.0,-114.0,92.8,49.88,-117.37,241.0
Cu_porphyry,-2.0,126.0,92.8,-0.52,127.58,241.0
Cu_porphyry,2.0,104.0,92.8,3.85,102.87,241.0
Cu_porphyry,60.0,-126.0,92.8,58.48,-129.11,244.0
Cu_porphyry,-20.0,118.0,92.8,-20.89,120.11,241.0
Cu_porphyry,64.0,-162.0,92.8,64.13,-157.05,241.0
Cu_porphyry,-40.0,-68.0,92.8,-39.18,-70.63,243.0
Cu_porphyry,48.0,126.0,92.8,50.17,125.69,242.0
Cu_porphyry,60.0,146.0,92.8,59.72,150.32,243.0
Cu_porphyry,62.0,-158.0,92.8,64.13,-157.05,242.0
Cu_porphyry,-32.0,152.0,92.8,-29.84,152.37,243.0
Cu_porphyry,54.0,74.0,92.8,51.82,74.18,243.0
Cu_porphyry,60.0,-150.0,92.8,60.35,-154.31,242.0
Cu_sediment,64.0,-102.0,92.8,62.57,-98.81,225.0
Cu_sediment,60.0,-60.0,92.8,58.74,-63.11,225.0
Cu_sediment,44.0,-78.0,92.8,45.37,-75.97,222.0
Cu_sediment,62.0,-106.0,92.8,62.47,-110.16,222.0
Cu_sediment,22.0,36.0,92.8,23.98,35.67,223.0
Cu_sediment,50.0,-118.0,92.8,51.47,-115.87,222.0
ZnPb_SEDEX,58.0,112.0,92.8,56.26,109.92,231.0
ZnPb_SEDEX,70.0,-166.0,92.8,68.17,-163.19,232.0
ZnPb_SEDEX,40.0,-78.0,92.8,40.55,-75.41,229.0
ZnPb_SEDEX,-18.0,128.0,92.8,-18.72,125.96,229.0
ZnPb_SEDEX,68.0,-152.0,92.8,67.08,-156.94,233.0
ZnPb_SEDEX,58.0,8.0,92.8,59.73,10.12,228.0
ZnPb_SEDEX,-36.0,172.0,92.8,-35.16,174.34,231.0
ZnPb_SEDEX,44.0,122.0,92.8,44.64,119.26,229.0
ZnPb_SEDEX,36.0,0.0,92.8,34.47,-1.73,231.0
ZnPb_SEDEX,46.0,-112.0,92.8,44.65,-114.26,232.0
ZnPb_SEDEX,44.0,8.0,92.8,43.1,10.6,232.0
ZnPb_SEDEX,60.0,6.0,92.8,59.73,10.12,232.0
ZnPb_SEDEX,76.0,-86.0,92.8,76.66,-94.16,226.0
Cu_porphyry,2.0,-80.0,92.7,0.33,-78.58,243.0
Cu_porphyry,-16.0,-48.0,92.7,-14.25,-49.37,244.0
Cu_porphyry,52.0,100.0,92.7,52.93,96.78,241.0
Cu_porphyry,-2.0,136.0,92.7,-3.82,137.23,244.0
Cu_porphyry,62.0,28.0,92.7,63.77,25.23,242.0
Cu_porphyry,66.0,170.0,92.7,66.48,164.73,242.0
Cu_porphyry,30.0,120.0,92.7,29.02,117.73,245.0
Cu_porphyry,36.0,-106.0,92.7,37.41,-108.09,243.0
Cu_porphyry,-18.0,148.0,92.7,-20.2,147.95,245.0
Cu_sediment,44.0,-108.0,92.7,42.73,-105.83,225.0
Cu_sediment,-38.0,-72.0,92.7,-38.68,-69.6,223.0
Cu_sediment,-8.0,-42.0,92.7,-7.13,-40.17,224.0
Cu_sediment,64.0,-144.0,92.7,63.58,-139.5,226.0
Cu_sediment,56.0,-80.0,92.7,56.35,-76.45,223.0
Cu_sediment,56.0,108.0,92.7,58.0,107.5,224.0
Cu_sediment,44.0,-82.0,92.7,46.01,-81.8,225.0
Cu_sediment,56.0,-72.0,92.7,56.66,-68.58,223.0
Cu_sediment,70.0,66.0,92.7,68.0,66.83,225.0
Cu_sediment,58.0,-74.0,92.7,56.44,-76.43,227.0
Cu_sediment,70.0,30.0,92.7,70.43,24.22,223.0
Cu_sediment,44.0,48.0,92.7,44.47,50.75,225.0
ZnPb_SEDEX,18.0,34.0,92.7,17.79,36.18,232.0
ZnPb_SEDEX,36.0,134.0,92.7,35.88,136.57,232.0
ZnPb_SEDEX,26.0,52.0,92.7,28.08,52.09,232.0
ZnPb_SEDEX,46.0,68.0,92.7,43.96,67.37,232.0
ZnPb_SEDEX,-32.0,152.0,92.7,-32.02,149.54,232.0
ZnPb_SEDEX,64.0,144.0,92.7,63.67,148.7,233.0
ZnPb_SEDEX,60.0,-122.0,92.7,61.56,-124.8,230.0
ZnPb_SEDEX,62.0,24.0,92.7,64.06,24.79,232.0
ZnPb_SEDEX,62.0,146.0,92.7,63.67,148.7,230.0
ZnPb_SEDEX,66.0,-162.0,92.7,68.07,-162.82,233.0
ZnPb_SEDEX,38.0,32.0,92.7,39.66,33.62,232.0
ZnPb_SEDEX,66.0,-138.0,92.7,64.4,-134.67,236.0
Cu_sediment,-22.0,-64.0,92.6,-24.0,-64.42,226.0
Cu_sediment,72.0,20.0,92.6,70.43,24.22,230.0
Cu_sediment,26.0,36.0,92.6,23.98,35.67,227.0
Cu_sediment,42.0,20.0,92.6,43.17,22.25,225.0
Cu_sediment,70.0,68.0,92.6,68.0,66.83,227.0
Cu_sediment,54.0,-108.0,92.6,55.33,-105.37,225.0
Cu_sediment,28.0,108.0,92.6,29.28,106.2,226.0
Cu_sediment,32.0,-98.0,92.6,33.03,-100.08,226.0
Cu_sediment,42.0,-70.0,92.6,41.92,-72.75,228.0
Cu_sediment,18.0,84.0,92.6,18.87,82.05,227.0
Cu_sediment,72.0,-30.0,92.6,72.62,-23.68,224.0
Cu_sediment,30.0,110.0,92.6,31.37,111.77,227.0
Cu_sediment,66.0,-138.0,92.6,64.78,-133.93,232.0
ZnPb_SEDEX,38.0,-104.0,92.6,39.21,-106.17,232.0
ZnPb_SEDEX,70.0,-46.0,92.6,71.1,-51.23,229.0
ZnPb_SEDEX,18.0,122.0,92.6,16.37,120.6,234.0
ZnPb_SEDEX,52.0,-4.0,92.6,53.19,-6.82,232.0
ZnPb_SEDEX,-12.0,136.0,92.6,-13.42,134.41,234.0
ZnPb_SEDEX,74.0,60.0,92.6,72.86,53.57,240.0
ZnPb_SEDEX,42.0,74.0,92.6,41.29,71.33,235.0
ZnPb_SEDEX,48.0,24.0,92.6,46.03,22.87,235.0
ZnPb_SEDEX,-26.0,-70.0,92.6,-28.07,-70.47,234.0
ZnPb_SEDEX,-26.0,26.0,92.6,-27.43,24.27,234.0
ZnPb_SEDEX,78.0,-102.0,92.6,76.66,-94.16,242.0
ZnPb_SEDEX,42.0,-72.0,92.6,41.13,-74.6,237.0
ZnPb_SEDEX,66.0,-164.0,92.6,68.07,-162.82,235.0
Cu_sediment,54.0,-126.0,92.5,56.05,-126.27,229.0
Cu_sediment,-26.0,134.0,92.5,-24.05,133.27,229.0
Cu_sediment,58.0,46.0,92.5,58.33,49.83,228.0
Cu_sediment,0.0,28.0,92.5,0.22,30.05,229.0
Cu_sediment,54.0,-68.0,92.5,56.06,-67.72,230.0
Cu_sediment,48.0,30.0,92.5,48.5,27.0,229.0
Cu_sediment,68.0,26.0,92.5,67.12,21.0,234.0
Cu_sediment,68.0,16.0,92.5,67.12,21.0,234.0
Cu_sediment,70.0,84.0,92.5,68.25,87.25,233.0
Cu_sediment,32.0,2.0,92.5,32.83,-0.24,230.0
Cu_sediment,62.0,-120.0,92.5,63.42,-123.22,228.0
Cu_sediment,32.0,-108.0,92.5,32.92,-105.8,230.0
ZnPb_SEDEX,54.0,10.0,92.5,51.89,10.42,236.0
ZnPb_SEDEX,44.0,92.0,92.5,41.88,91.73,236.0
ZnPb_SEDEX,44.0,116.0,92.5,44.45,118.89,235.0
ZnPb_SEDEX,34.0,138.0,92.5,35.98,138.93,236.0
ZnPb_SEDEX,42.0,112.0,92.5,41.22,109.33,238.0
ZnPb_SEDEX,66.0,-118.0,92.5,66.97,-113.32,234.0
ZnPb_SEDEX,-40.0,144.0,92.5,-41.89,145.28,237.0
ZnPb_SEDEX,-16.0,134.0,92.5,-16.54,136.15,237.0
ZnPb_SEDEX,62.0,26.0,92.5,64.06,24.79,237.0
ZnPb_SEDEX,50.0,68.0,92.5,48.43,70.26,240.0
ZnPb_SEDEX,-10.0,26.0,92.5,-11.76,27.25,238.0
ZnPb_SEDEX,46.0,2.0,92.5,44.11,3.47,240.0
Cu_sediment,16.0,-8.0,92.4,15.17,-9.98,232.0
Cu_sediment,-28.0,140.0,92.4,-30.0,139.33,232.0
Cu_sediment,30.0,56.0,92.4,29.25,53.75,233.0
Cu_sediment,56.0,-130.0,92.4,56.05,-126.27,232.0
Cu_sediment,-8.0,30.0,92.4,-9.17,28.25,232.0
Cu_sediment,60.0,-122.0,92.4,58.34,-124.54,235.0
Cu_sediment,-14.0,12.0,92.4,-12.51,13.52,233.0
Cu_sediment,60.0,-140.0,92.4,61.53,-142.87,231.0
Cu_sediment,-24.0,20.0,92.4,-22.38,18.53,234.0
Cu_sediment,18.0,6.0,92.4,16.98,7.93,234.0
Cu_sediment,16.0,6.0,92.4,16.98,7.93,233.0
Cu_sediment,50.0,-86.0,92.4,49.15,-88.99,236.0
Cu_sediment,16.0,-12.0,92.4,15.17,-9.98,235.0
ZnPb_SEDEX,56.0,94.0,92.4,58.13,93.5,239.0
ZnPb_SEDEX,70.0,-154.0,92.4,68.57,-158.68,243.0
ZnPb_SEDEX,-32.0,134.0,92.4,-32.65,136.42,238.0
ZnPb_SEDEX,36.0,-106.0,92.4,34.09,-107.23,240.0
ZnPb_SEDEX,28.0,64.0,92.4,27.85,66.43,239.0
ZnPb_SEDEX,24.0,116.0,92.4,24.55,113.72,239.0
ZnPb_SEDEX,-30.0,16.0,92.4,-27.95,16.76,240.0
ZnPb_SEDEX,-16.0,30.0,92.4,-14.46,28.43,240.0
ZnPb_SEDEX,-14.0,-46.0,92.4,-15.49,-44.39,240.0
ZnPb_SEDEX,72.0,60.0,92.4,72.86,53.57,236.0
ZnPb_SEDEX,78.0,-86.0,92.4,76.66,-94.16,249.0
ZnPb_SEDEX,64.0,10.0,92.4,65.83,12.65,239.0
ZnPb_SEDEX,-44.0,146.0,92.4,-41.89,145.28,241.0
Cu_sediment,26.0,100.0,92.3,26.25,102.33,235.0
Cu_sediment,50.0,-92.0,92.3,49.15,-88.99,237.0
Cu_sediment,54.0,-58.0,92.3,54.26,-61.57,234.0
Cu_sediment,32.0,38.0,92.3,32.75,35.67,234.0
Cu_sediment,68.0,60.0,92.3,67.5,65.5,238.0
Cu_sediment,22.0,102.0,92.3,24.12,102.17,236.0
Cu_sediment,38.0,-4.0,92.3,37.55,-1.37,237.0
Cu_sediment,50.0,64.0,92.3,49.1,67.0,238.0
Cu_sediment,54.0,-12.0,92.3,52.88,-8.92,239.0
Cu_sediment,-36.0,146.0,92.3,-37.75,147.5,236.0
Cu_sediment,24.0,38.0,92.3,23.98,35.67,237.0
Cu_sediment,20.0,-78.0,92.3,18.24,-76.72,237.0
ZnPb_SEDEX,42.0,18.0,92.3,44.15,18.37,241.0
ZnPb_SEDEX,40.0,12.0,92.3,39.88,9.17,242.0
ZnPb_SEDEX,42.0,102.0,92.3,42.13,104.92,241.0
ZnPb_SEDEX,46.0,26.0,92.3,46.03,22.87,241.0
ZnPb_SEDEX,46.0,104.0,92.3,45.22,106.92,243.0
ZnPb_SEDEX,16.0,-90.0,92.3,14.86,-88.08,242.0
ZnPb_SEDEX,34.0,140.0,92.3,35.98,138.93,241.0
ZnPb_SEDEX,32.0,104.0,92.3,33.85,105.36,241.0
ZnPb_SEDEX,30.0,66.0,92.3,27.85,66.43,242.0
ZnPb_SEDEX,54.0,-128.0,92.3,55.57,-125.41,240.0
ZnPb_SEDEX,66.0,-126.0,92.3,64.93,-130.68,247.0
ZnPb_SEDEX,-28.0,-68.0,92.3,-28.07,-70.47,243.0
Cu_sediment,18.0,104.0,92.2,16.67,102.25,238.0
Cu_sediment,18.0,80.0,92.2,18.87,82.05,237.0
Cu_sediment,60.0,110.0,92.2,58.77,106.5,241.0
Cu_sediment,16.0,100.0,92.2,18.0,100.8,238.0
Cu_sediment,-36.0,-72.0,92.2,-36.58,-69.45,238.0
Cu_sediment,64.0,64.0,92.2,65.5,60.5,235.0
Cu_sediment,-6.0,-42.0,92.2,-7.13,-40.17,239.0
Cu_sediment,60.0,134.0,92.2,61.25,137.5,236.0
Cu_sediment,-6.0,14.0,92.2,-4.23,15.23,239.0
Cu_sediment,44.0,-72.0,92.2,41.92,-72.75,240.0
Cu_sediment,-10.0,-78.0,92.2,-9.72,-75.83,239.0
Cu_sediment,64.0,56.0,92.2,65.25,60.0,236.0
Cu_sediment,20.0,84.0,92.2,18.87,82.05,240.0
ZnPb_SEDEX,26.0,72.0,92.2,24.95,74.13,244.0
ZnPb_SEDEX,-2.0,106.0,92.2,-2.71,108.07,243.0
ZnPb_SEDEX,14.0,78.0,92.2,12.01,78.95,244.0
ZnPb_SEDEX,14.0,-86.0,92.2,14.86,-88.08,243.0
ZnPb_SEDEX,60.0,90.0,92.2,58.53,93.25,246.0
ZnPb_SEDEX,62.0,134.0,92.2,60.2,136.67,246.0
ZnPb_SEDEX,56.0,-72.0,92.2,57.66,-69.44,241.0
Cu_sediment,44.0,38.0,92.1,43.7,40.97,240.0
Cu_sediment,56.0,100.0,92.1,55.5,103.75,241.0
Cu_sediment,-22.0,134.0,92.1,-24.05,133.27,240.0
Cu_sediment,-12.0,-70.0,92.1,-14.08,-70.6,241.0
Cu_sediment,32.0,70.0,92.1,32.56,72.47,240.0
Cu_sediment,66.0,-124.0,92.1,65.41,-118.88,243.0
Cu_sediment,46.0,-118.0,92.1,47.48,-115.72,239.0
Cu_sediment,70.0,18.0,92.1,70.43,24.22,239.0
Cu_sediment,32.0,102.0,92.1,30.0,103.0,242.0
Cu_sediment,48.0,92.0,92.1,50.14,91.48,241.0
Cu_sediment,58.0,90.0,92.1,58.5,94.0,241.0
Cu_sediment,16.0,-76.0,92.1,18.1,-76.62,243.0
Cu_sediment,28.0,60.0,92.0,30.18,60.0,243.0
Cu_sediment,72.0,-90.0,92.0,73.8,-86.0,239.0
Cu_sediment,72.0,-82.0,92.0,73.8,-86.0,239.0
Cu_sediment,2.0,8.0,92.0,1.08,9.98,243.0
Cu_sediment,58.0,-112.0,92.0,56.37,-109.25,246.0
Cu_sediment,64.0,-114.0,92.0,64.88,-118.58,240.0
Cu_sediment,60.0,-146.0,92.0,61.53,-142.87,241.0
Cu_sediment,34.0,58.0,92.0,35.59,59.84,243.0
Cu_sediment,76.0,-86.0,92.0,73.8,-86.0,245.0
Cu_sediment,66.0,-108.0,92.0,68.2,-108.18,245.0
Cu_sediment,56.0,10.0,92.0,54.15,7.87,246.0
Cu_sediment,44.0,44.0,92.0,43.7,40.97,246.0
Cu_sediment,44.0,82.0,92.0,41.8,81.83,245.0
Cu_sediment,-24.0,-62.0,91.9,-24.0,-64.42,245.0
Cu_sediment,10.0,124.0,91.9,11.83,125.25,245.0
Cu_sediment,18.0,10.0,91.9,16.98,7.93,247.0
Cu_sediment,2.0,12.0,91.9,1.08,9.98,246.0
Cu_sediment,74.0,-78.0,91.9,73.8,-86.0,247.0
Cu_sediment,74.0,-94.0,91.9,73.8,-86.0,247.0
Cu_sediment,44.0,54.0,91.9,44.5,51.0,245.0
Cu_sediment,-12.0,-78.0,91.9,-11.3,-75.85,247.0
Cu_sediment,16.0,10.0,91.9,16.98,7.93,246.0
Cu_sediment,-2.0,30.0,91.9,0.22,30.05,247.0
Cu_sediment,20.0,44.0,91.9,19.16,41.82,247.0
Cu_sediment,70.0,64.0,91.9,68.0,66.83,249.0
Cu_sediment,24.0,110.0,91.8,25.75,111.5,246.0
Cu_sediment,70.0,-112.0,91.8,68.2,-108.18,251.0
