subtype,lat,lon
Cu_porphyry,-27.3708,-66.2800
Cu_porphyry,-31.3000,-69.3667
Cu_porphyry,-30.5000,-69.7500
Cu_porphyry,-27.2667,-66.6500
Cu_porphyry,-27.3297,-66.6089
Cu_porphyry,-48.0750,-67.3083
Cu_porphyry,-27.4000,-66.5500
Cu_porphyry,-27.2833,-66.5667
Cu_porphyry,-26.3000,-67.9000
Cu_porphyry,-38.2500,-70.5833
Cu_porphyry,-30.0000,-69.1667
Cu_porphyry,-31.9500,-70.0500
Cu_porphyry,-24.1333,-66.6000
Cu_porphyry,-30.9333,-69.6333
Cu_porphyry,-27.3833,-66.2167
Cu_porphyry,-25.1444,-66.7625
Cu_porphyry,-39.1833,-70.6333
Cu_porphyry,-31.2417,-70.1767
Cu_porphyry,-29.0000,-67.7500
Cu_porphyry,-24.2000,-65.8667
Cu_porphyry,-32.4167,-69.0833
Cu_porphyry,-32.4833,-69.1000
Cu_porphyry,-37.4325,-70.4667
Cu_porphyry,-32.2500,-69.4333
Cu_porphyry,-24.5667,-67.7833
Cu_porphyry,-24.5833,-67.7333
Cu_porphyry,-32.1378,-69.4392
Cu_porphyry,38.9219,46.1883
Cu_porphyry,40.6333,44.5167
Cu_porphyry,39.3750,46.0228
Cu_porphyry,39.1439,46.1378
Cu_porphyry,39.1000,46.4667
Cu_porphyry,41.1047,44.8567
Cu_porphyry,-33.4667,149.0000
Cu_porphyry,-33.6167,148.8500
Cu_porphyry,-33.0500,148.8667
Cu_porphyry,-32.9167,148.0333
Cu_porphyry,-34.2739,148.8400
Cu_porphyry,-33.9667,147.4167
Cu_porphyry,-33.7167,147.5333
Cu_porphyry,-32.7500,148.2167
Cu_porphyry,-32.7667,148.6667
Cu_porphyry,-20.5700,148.2600
Cu_porphyry,-25.2350,151.6161
Cu_porphyry,-25.6833,151.9167
Cu_porphyry,-24.6683,150.8764
Cu_porphyry,-23.6900,150.6300
Cu_porphyry,-23.6000,150.4000
Cu_porphyry,-24.8167,151.3667
Cu_porphyry,-20.2000,147.9500
Cu_porphyry,-20.3419,140.1689
Cu_porphyry,-29.8394,152.3714
Cu_porphyry,-20.5786,146.9778
Cu_porphyry,-18.2536,143.4236
Cu_porphyry,-23.6111,150.4578
Cu_porphyry,-20.4247,146.7786
Cu_porphyry,-24.8075,150.8731
Cu_porphyry,-23.0028,150.6928
Cu_porphyry,-32.7656,140.2369
Cu_porphyry,-37.5736,148.0086
Cu_porphyry,-37.6114,142.6075
Cu_porphyry,-21.6575,119.9578
Cu_porphyry,-20.8889,120.1083
Cu_porphyry,-21.7917,119.8722
Cu_porphyry,40.0167,46.7500
Cu_porphyry,40.6333,45.8500
Cu_porphyry,40.5333,46.1500
Cu_porphyry,40.5644,45.7914
Cu_porphyry,39.0500,46.0500
Cu_porphyry,50.2833,5.9167
Cu_porphyry,-17.5333,-51.6000
Cu_porphyry,-14.2500,-49.3667
Cu_porphyry,-6.4000,-49.6167
Cu_porphyry,42.5833,23.9833
Cu_porphyry,41.9742,27.5344
Cu_porphyry,42.7500,24.0333
Cu_porphyry,42.7200,24.0853
Cu_porphyry,42.4833,23.4167
Cu_porphyry,42.3422,26.2958
Cu_porphyry,42.1167,25.2500
Cu_porphyry,42.3553,24.3392
Cu_porphyry,42.3481,24.2281
Cu_porphyry,50.6611,-120.5150
Cu_porphyry,50.6142,-120.5308
Cu_porphyry,49.6483,-120.5261
Cu_porphyry,55.0028,-126.2319
Cu_porphyry,53.8036,-127.4350
Cu_porphyry,50.4942,-120.9967
Cu_porphyry,54.8097,-126.8944
Cu_porphyry,49.8778,-120.0056
Cu_porphyry,56.6667,-131.0925
Cu_porphyry,49.2556,-125.9833
Cu_porphyry,55.2631,-124.5436
Cu_porphyry,53.5333,-127.2333
Cu_porphyry,57.1164,-131.3469
Cu_porphyry,49.3403,-120.5553
Cu_porphyry,55.2478,-126.1664
Cu_porphyry,58.4839,-129.1072
Cu_porphyry,51.4636,-123.6256
Cu_porphyry,50.6433,-120.4233
Cu_porphyry,57.1250,-131.4500
Cu_porphyry,49.5000,-123.4167
Cu_porphyry,49.1667,-121.0333
Cu_porphyry,52.5181,-122.2875
Cu_porphyry,58.2536,-129.8267
Cu_porphyry,54.9464,-126.1567
Cu_porphyry,50.4328,-120.9206
Cu_porphyry,53.6811,-127.1781
Cu_porphyry,50.6753,-127.8581
Cu_porphyry,50.6000,-127.4778
Cu_porphyry,49.1333,-117.3306
Cu_porphyry,57.0600,-126.7594
Cu_porphyry,57.0058,-126.7508
Cu_porphyry,56.4675,-130.2689
Cu_porphyry,57.6539,-130.2436
Cu_porphyry,50.5833,-120.9667
Cu_porphyry,55.5000,-125.3000
Cu_porphyry,54.7500,-126.3333
Cu_porphyry,50.4503,-121.0431
Cu_porphyry,55.9269,-125.4311
Cu_porphyry,54.7833,-127.6833
Cu_porphyry,50.9239,-121.4211
Cu_porphyry,55.9158,-125.5136
Cu_porphyry,55.1944,-126.3153
Cu_porphyry,55.1239,-124.0275
Cu_porphyry,52.5544,-121.6417
Cu_porphyry,50.0467,-124.6450
Cu_porphyry,53.6736,-127.0569
Cu_porphyry,57.2333,-126.7333
Cu_porphyry,51.1333,-122.6142
Cu_porphyry,54.0167,-126.9900
Cu_porphyry,49.7561,-120.4600
Cu_porphyry,51.3133,-121.0889
Cu_porphyry,56.6667,-131.1000
Cu_porphyry,57.7000,-129.8053
Cu_porphyry,50.7108,-127.9706
Cu_porphyry,57.3642,-130.9903
Cu_porphyry,56.5044,-130.2628
Cu_porphyry,51.1044,-123.4000
Cu_porphyry,50.5667,-121.0000
Cu_porphyry,50.4856,-121.0483
Cu_porphyry,49.2933,-120.7594
Cu_porphyry,53.7583,-127.2150
Cu_porphyry,49.8833,-117.3667
Cu_porphyry,46.0833,-60.3667
Cu_porphyry,49.8333,-91.0000
Cu_porphyry,47.0431,-84.6153
Cu_porphyry,48.5000,-81.2500
Cu_porphyry,47.9667,-80.7500
Cu_porphyry,47.0919,-84.4783
Cu_porphyry,49.8667,-74.2333
Cu_porphyry,48.2667,-79.0000
Cu_porphyry,48.9667,-65.5194
Cu_porphyry,62.4167,-137.6167
Cu_porphyry,62.7361,-138.8292
Cu_porphyry,62.3417,-136.6917
Cu_porphyry,-30.2500,-71.4167
Cu_porphyry,-24.3983,-69.6075
Cu_porphyry,-22.5333,-69.9167
Cu_porphyry,-23.1633,-69.1683
Cu_porphyry,-27.7833,-69.2333
Cu_porphyry,-20.0447,-69.2597
Cu_porphyry,-24.1333,-69.0833
Cu_porphyry,-22.2750,-68.9000
Cu_porphyry,-20.9631,-68.7083
Cu_porphyry,-21.9539,-68.7356
Cu_porphyry,-20.9017,-68.8853
Cu_porphyry,-18.2900,-69.7217
Cu_porphyry,-21.9206,-68.8325
Cu_porphyry,-21.1167,-68.7333
Cu_porphyry,-26.2542,-69.5506
Cu_porphyry,-22.9878,-69.0764
Cu_porphyry,-34.0886,-70.4625
Cu_porphyry,-24.2650,-69.0717
Cu_porphyry,-22.9667,-69.0583
Cu_porphyry,-23.4108,-68.8189
Cu_porphyry,-26.7661,-69.8714
Cu_porphyry,-28.6333,-69.8833
Cu_porphyry,-20.1750,-69.0833
Cu_porphyry,-22.6667,-68.7500
Cu_porphyry,-23.4450,-69.5117
Cu_porphyry,-33.1333,-70.2667
Cu_porphyry,-31.7083,-70.5000
Cu_porphyry,-22.5642,-69.2422
Cu_porphyry,-22.3806,-68.9125
Cu_porphyry,-19.8097,-69.2806
Cu_porphyry,-22.4667,-68.9667
Cu_porphyry,-23.3000,-69.2333
Cu_porphyry,-26.4875,-69.4239
Cu_porphyry,-21.9167,-69.8333
Cu_porphyry,-21.0000,-68.8000
Cu_porphyry,-19.8667,-68.9667
Cu_porphyry,-28.2167,-69.6000
Cu_porphyry,-28.5000,-70.3000
Cu_porphyry,-25.2167,-69.2333
Cu_porphyry,-22.8806,-69.3389
Cu_porphyry,-22.8394,-69.3028
Cu_porphyry,-18.5933,-69.4500
Cu_porphyry,-22.4167,-68.9500
Cu_porphyry,-46.0333,-72.1500
Cu_porphyry,-20.9928,-68.6372
Cu_porphyry,-32.8833,-70.2333
Cu_porphyry,32.0667,119.1000
Cu_porphyry,41.7167,112.5500
Cu_porphyry,26.1500,100.2000
Cu_porphyry,22.8000,103.0000
Cu_porphyry,29.6833,115.8333
Cu_porphyry,42.2000,92.9667
Cu_porphyry,29.5833,90.0000
Cu_porphyry,29.0189,117.7297
Cu_porphyry,29.3833,88.3833
Cu_porphyry,50.1667,125.6922
Cu_porphyry,31.0833,97.8667
Cu_porphyry,29.8092,115.4481
Cu_porphyry,30.4667,98.5000
Cu_porphyry,22.8833,102.5833
Cu_porphyry,31.4833,97.3500
Cu_porphyry,29.6917,91.7517
Cu_porphyry,29.9167,98.5833
Cu_porphyry,29.6833,88.9333
Cu_porphyry,42.5333,91.9167
Cu_porphyry,29.5833,91.4833
Cu_porphyry,42.1667,92.8500
Cu_porphyry,25.6667,100.5000
Cu_porphyry,31.0000,97.9500
Cu_porphyry,29.8333,98.5333
Cu_porphyry,31.2000,97.8000
Cu_porphyry,29.4667,90.8167
Cu_porphyry,28.0333,99.8333
Cu_porphyry,29.6000,91.5833
Cu_porphyry,32.1500,96.7667
Cu_porphyry,35.2908,99.8189
Cu_porphyry,42.3500,94.8333
Cu_porphyry,30.0333,98.5167
Cu_porphyry,31.1833,117.2667
Cu_porphyry,29.5500,90.0500
Cu_porphyry,30.1667,114.8000
Cu_porphyry,35.5000,111.7000
Cu_porphyry,42.1167,92.6167
Cu_porphyry,49.3900,117.4333
Cu_porphyry,31.6833,97.1333
Cu_porphyry,29.5167,88.5667
Cu_porphyry,27.4000,101.1333
Cu_porphyry,42.0833,92.5236
Cu_porphyry,31.4000,97.7333
Cu_porphyry,31.2500,97.7333
Cu_porphyry,29.4333,87.5333
Cu_porphyry,25.0500,116.4000
Cu_porphyry,8.4878,-77.3214
Cu_porphyry,7.3167,-72.8667
Cu_porphyry,3.5167,-75.0333
Cu_porphyry,4.1833,-75.3000
Cu_porphyry,1.2417,-76.6667
Cu_porphyry,7.0500,-76.7500
Cu_porphyry,6.7000,-76.5000
Cu_porphyry,2.1000,-76.8833
Cu_porphyry,9.6972,-83.3583
Cu_porphyry,9.3694,-82.9764
Cu_porphyry,22.1167,-80.0333
Cu_porphyry,20.0458,-75.9461
Cu_porphyry,20.2500,-76.8667
Cu_porphyry,18.5167,-70.2500
Cu_porphyry,-1.6667,-79.1500
Cu_porphyry,-1.3833,-79.1167
Cu_porphyry,-2.9333,-79.4167
Cu_porphyry,-4.0167,-78.8833
Cu_porphyry,-4.2500,-78.9500
Cu_porphyry,-3.5833,-79.3333
Cu_porphyry,-3.0500,-79.6833
Cu_porphyry,0.3333,-78.5833
Cu_porphyry,-4.3333,-80.0000
Cu_porphyry,-4.6500,-78.9000
Cu_porphyry,-3.6000,-78.5000
Cu_porphyry,-4.2000,-79.5833
Cu_porphyry,-3.6500,-78.4167
Cu_porphyry,-1.5667,-79.1333
Cu_porphyry,-4.2500,-79.2500
Cu_porphyry,-3.7833,-78.6000
Cu_porphyry,-18.0417,178.1750
Cu_porphyry,-18.1067,178.1783
Cu_porphyry,63.7708,25.2339
Cu_porphyry,39.8117,25.1922
Cu_porphyry,41.0233,25.7875
Cu_porphyry,40.8667,25.5550
Cu_porphyry,41.0550,23.1900
Cu_porphyry,40.4722,23.7036
Cu_porphyry,19.5500,-71.7833
Cu_porphyry,19.5167,-72.7000
Cu_porphyry,47.9100,19.0483
Cu_porphyry,47.9333,20.1000
Cu_porphyry,22.0167,80.7167
Cu_porphyry,-0.5000,113.1833
Cu_porphyry,-8.9653,116.8725
Cu_porphyry,0.9519,121.7706
Cu_porphyry,-7.2200,106.5600
Cu_porphyry,-3.8167,137.2333
Cu_porphyry,-3.6117,128.0917
Cu_porphyry,0.8333,109.2500
Cu_porphyry,-0.5167,127.5833
Cu_porphyry,-1.7000,101.2500
Cu_porphyry,-3.1583,119.4833
Cu_porphyry,5.0333,95.9500
Cu_porphyry,0.5167,123.2167
Cu_porphyry,0.3453,123.4022
Cu_porphyry,31.6592,53.8497
Cu_porphyry,34.5500,49.2667
Cu_porphyry,31.5764,53.8233
Cu_porphyry,29.8800,55.8994
Cu_porphyry,33.5358,54.5444
Cu_porphyry,30.4206,55.1672
Cu_porphyry,28.9000,57.2333
Cu_porphyry,29.9450,55.8619
Cu_porphyry,38.8075,46.3711
Cu_porphyry,40.5319,8.3650
Cu_porphyry,39.1706,8.4964
Cu_porphyry,39.8169,9.5158
Cu_porphyry,46.9333,79.9667
Cu_porphyry,48.6833,73.7000
Cu_porphyry,49.1592,75.6008
Cu_porphyry,52.8833,61.4167
Cu_porphyry,51.7667,61.7500
Cu_porphyry,48.2267,76.2722
Cu_porphyry,47.5019,74.0833
Cu_porphyry,51.8167,74.1833
Cu_porphyry,43.6203,74.2611
Cu_porphyry,46.6500,73.6333
Cu_porphyry,45.4833,74.2833
Cu_porphyry,47.3833,75.2333
Cu_porphyry,47.5000,75.1000
Cu_porphyry,44.4500,78.4333
Cu_porphyry,50.1622,76.1622
Cu_porphyry,46.9897,74.9872
Cu_porphyry,47.5333,84.4167
Cu_porphyry,51.9500,72.3333
Cu_porphyry,47.9167,79.3333
Cu_porphyry,50.0269,76.7272
Cu_porphyry,49.3264,75.9825
Cu_porphyry,46.2567,73.1986
Cu_porphyry,46.6000,74.4167
Cu_porphyry,52.3333,62.1833
Cu_porphyry,53.0167,62.5667
Cu_porphyry,48.9333,58.6833
Cu_porphyry,42.7000,75.6500
Cu_porphyry,18.9167,102.9333
Cu_porphyry,41.5106,22.6019
Cu_porphyry,41.3667,22.8167
Cu_porphyry,41.6167,22.8833
Cu_porphyry,41.8000,22.8667
Cu_porphyry,6.0333,116.7500
Cu_porphyry,6.0333,116.4667
Cu_porphyry,3.8500,102.8667
Cu_porphyry,6.1000,116.4667
Cu_porphyry,27.0517,-108.3411
Cu_porphyry,27.0333,-107.7000
Cu_porphyry,19.6806,-96.4528
Cu_porphyry,30.9542,-110.3167
Cu_porphyry,26.2522,-107.3294
Cu_porphyry,28.3861,-109.6569
Cu_porphyry,29.8725,-109.9619
Cu_porphyry,28.0333,-113.5667
Cu_porphyry,30.4819,-109.7528
Cu_porphyry,18.8808,-101.6408
Cu_porphyry,30.3181,-109.5567
Cu_porphyry,30.3839,-109.7306
Cu_porphyry,23.3333,-106.0667
Cu_porphyry,19.0778,-102.0314
Cu_porphyry,28.4333,-109.3833
Cu_porphyry,31.0556,-110.4208
Cu_porphyry,31.1167,-110.4500
Cu_porphyry,27.1681,-109.0194
Cu_porphyry,30.3339,-109.6328
Cu_porphyry,18.6225,-100.8461
Cu_porphyry,18.9436,-101.9783
Cu_porphyry,26.7167,-108.2333
Cu_porphyry,28.4114,-109.8031
Cu_porphyry,25.6681,-107.3511
Cu_porphyry,19.1167,-102.9167
Cu_porphyry,19.3833,-100.6833
Cu_porphyry,15.3189,-92.3306
Cu_porphyry,19.7000,-97.8500
Cu_porphyry,49.6708,114.8444
Cu_porphyry,46.6833,104.8833
Cu_porphyry,49.0000,104.1333
Cu_porphyry,44.0000,106.1667
Cu_porphyry,49.1333,103.6500
Cu_porphyry,43.1667,102.8000
Cu_porphyry,48.5833,97.7833
Cu_porphyry,44.2333,108.0333
Cu_porphyry,43.0000,106.8667
Cu_porphyry,44.5742,109.4358
Cu_porphyry,45.7833,100.6000
Cu_porphyry,48.7750,104.2167
Cu_porphyry,44.1667,107.5000
Cu_porphyry,43.8667,108.3333
Cu_porphyry,48.7083,98.3417
Cu_porphyry,48.7167,98.3417
Cu_porphyry,22.2500,95.0833
Cu_porphyry,23.7083,95.5167
Cu_porphyry,-28.6833,17.8500
Cu_porphyry,-28.0667,16.9000
Cu_porphyry,-37.0958,175.5572
Cu_porphyry,29.5544,64.5042
Cu_porphyry,29.1225,62.1942
Cu_porphyry,29.1228,62.0789
Cu_porphyry,29.2708,61.5847
Cu_porphyry,29.4000,64.1417
Cu_porphyry,9.2833,-79.3833
Cu_porphyry,8.6333,-82.2000
Cu_porphyry,8.5000,-81.7833
Cu_porphyry,7.6333,-80.6000
Cu_porphyry,8.4333,-81.5000
Cu_porphyry,8.8333,-80.6667
Cu_porphyry,8.6333,-77.5667
Cu_porphyry,-2.0167,146.8833
Cu_porphyry,-5.1667,151.7167
Cu_porphyry,-4.7000,141.7833
Cu_porphyry,-3.2000,151.6500
Cu_porphyry,-9.3000,147.5833
Cu_porphyry,-2.1167,146.9500
Cu_porphyry,-5.9833,150.4667
Cu_porphyry,-5.2000,141.1333
Cu_porphyry,-6.3167,155.5000
Cu_porphyry,-5.9667,150.3833
Cu_porphyry,-5.7167,150.0167
Cu_porphyry,-5.0667,141.3333
Cu_porphyry,-5.0167,141.2167
Cu_porphyry,-6.8833,146.4500
Cu_porphyry,-6.7500,146.2833
Cu_porphyry,-5.7500,145.1667
Cu_porphyry,-14.2000,-74.4500
Cu_porphyry,-8.5597,-77.8967
Cu_porphyry,-13.2347,-75.9167
Cu_porphyry,-15.8167,-73.5833
Cu_porphyry,-8.1667,-78.1833
Cu_porphyry,-14.1833,-75.1483
Cu_porphyry,-14.9600,-71.3467
Cu_porphyry,-6.0833,-79.2833
Cu_porphyry,-17.6817,-69.9008
Cu_porphyry,-6.7617,-78.6058
Cu_porphyry,-16.5458,-71.5528
Cu_porphyry,-16.5353,-71.5917
Cu_porphyry,-14.0267,-72.3333
Cu_porphyry,-16.7736,-71.3578
Cu_porphyry,-14.2333,-75.4167
Cu_porphyry,-14.4617,-71.7667
Cu_porphyry,-14.9522,-71.2625
Cu_porphyry,-14.1811,-72.3481
Cu_porphyry,-17.0456,-70.7072
Cu_porphyry,-7.0167,-78.3167
Cu_porphyry,-13.7667,-75.7167
Cu_porphyry,-6.3583,-79.1194
Cu_porphyry,-5.7047,-79.2808
Cu_porphyry,-7.1181,-78.5756
Cu_porphyry,-14.4617,-72.9933
Cu_porphyry,-14.1581,-73.1333
Cu_porphyry,-12.9758,-76.1394
Cu_porphyry,-8.2156,-77.7717
Cu_porphyry,-7.3000,-78.3222
Cu_porphyry,-6.9150,-78.3594
Cu_porphyry,-5.7150,-79.2069
Cu_porphyry,-8.7886,-77.9958
Cu_porphyry,-13.9292,-75.3500
Cu_porphyry,-11.4797,-76.0844
Cu_porphyry,-14.9800,-71.3067
Cu_porphyry,-17.1081,-70.6158
Cu_porphyry,-4.9444,-79.3083
Cu_porphyry,-15.6250,-70.9917
Cu_porphyry,-6.7253,-78.6694
Cu_porphyry,-13.6861,-75.0931
Cu_porphyry,-14.9083,-71.3133
Cu_porphyry,-17.2450,-70.6139
Cu_porphyry,-11.6000,-76.1333
Cu_porphyry,7.3333,126.1500
Cu_porphyry,10.3667,123.8333
Cu_porphyry,9.4333,122.7000
Cu_porphyry,10.1333,124.2500
Cu_porphyry,9.4917,122.6792
Cu_porphyry,17.3444,121.0583
Cu_porphyry,17.4667,120.8167
Cu_porphyry,17.3000,121.0100
Cu_porphyry,9.5500,125.4883
Cu_porphyry,7.5500,126.1667
Cu_porphyry,16.3208,121.2917
Cu_porphyry,14.9739,120.2044
Cu_porphyry,16.8583,120.7833
Cu_porphyry,16.7917,120.8000
Cu_porphyry,17.1667,120.7333
Cu_porphyry,9.7500,122.5667
Cu_porphyry,13.5000,121.8833
Cu_porphyry,7.5917,126.0667
Cu_porphyry,16.3667,120.6000
Cu_porphyry,17.4000,120.8667
Cu_porphyry,7.1667,125.9917
Cu_porphyry,7.9333,123.3000
Cu_porphyry,8.0456,126.3817
Cu_porphyry,14.7667,121.3167
Cu_porphyry,9.2583,125.5233
Cu_porphyry,17.7667,121.2333
Cu_porphyry,7.3500,126.0167
Cu_porphyry,13.4500,122.0833
Cu_porphyry,16.7500,121.3500
Cu_porphyry,14.2333,122.7333
Cu_porphyry,15.0083,120.3667
Cu_porphyry,6.5667,124.4000
Cu_porphyry,16.7500,120.7000
Cu_porphyry,16.3833,120.9833
Cu_porphyry,16.4903,120.6556
Cu_porphyry,16.2631,120.6225
Cu_porphyry,16.7333,120.7667
Cu_porphyry,9.8167,122.4500
Cu_porphyry,9.5667,122.6333
Cu_porphyry,11.8167,125.2500
Cu_porphyry,7.5433,126.1000
Cu_porphyry,6.4750,125.0500
Cu_porphyry,16.4500,120.8667
Cu_porphyry,13.8000,121.1333
Cu_porphyry,50.1167,19.9500
Cu_porphyry,50.6167,19.3667
Cu_porphyry,50.4667,19.6167
Cu_porphyry,18.2500,-66.4167
Cu_porphyry,18.2500,-66.8167
Cu_porphyry,45.9833,23.0333
Cu_porphyry,44.7500,22.0000
Cu_porphyry,46.2333,23.2000
Cu_porphyry,44.9833,21.7833
Cu_porphyry,45.5500,22.3500
Cu_porphyry,45.8767,22.8878
Cu_porphyry,44.7378,21.7025
Cu_porphyry,46.1500,22.8000
Cu_porphyry,45.1000,21.8167
Cu_porphyry,46.3333,23.1667
Cu_porphyry,46.1667,22.9000
Cu_porphyry,44.8667,21.7167
Cu_porphyry,44.7500,21.9500
Cu_porphyry,46.2667,22.1500
Cu_porphyry,45.5667,22.2333
Cu_porphyry,46.1500,22.8500
Cu_porphyry,46.0611,22.9667
Cu_porphyry,53.4333,96.6667
Cu_porphyry,54.9964,61.0881
Cu_porphyry,53.7500,126.6167
Cu_porphyry,54.0500,89.5667
Cu_porphyry,53.9167,157.3833
Cu_porphyry,52.9333,96.7833
Cu_porphyry,67.8667,66.3333
Cu_porphyry,59.2500,153.7667
Cu_porphyry,53.2261,60.8236
Cu_porphyry,66.4833,164.7333
Cu_porphyry,53.2333,60.5667
Cu_porphyry,59.7167,150.3167
Cu_porphyry,66.6000,164.5667
Cu_porphyry,53.0875,57.4683
Cu_porphyry,54.9331,61.2672
Cu_porphyry,54.2833,157.6667
Cu_porphyry,58.9667,152.6833
Cu_porphyry,54.6333,59.8000
Cu_porphyry,54.9611,61.1256
Cu_porphyry,54.7167,61.0667
Cu_porphyry,44.0950,22.0942
Cu_porphyry,44.3833,21.9500
Cu_porphyry,43.2333,20.7167
Cu_porphyry,44.1311,22.0969
Cu_porphyry,48.4375,18.8619
Cu_porphyry,-9.3667,159.7333
Cu_porphyry,-9.7833,160.0333
Cu_porphyry,-8.0833,157.5167
Cu_porphyry,-9.5333,159.9083
Cu_porphyry,-9.4333,159.8333
Cu_porphyry,67.0725,20.9575
Cu_porphyry,64.9872,19.7717
Cu_porphyry,66.5250,19.8136
Cu_porphyry,23.4333,121.4500
Cu_porphyry,17.5000,101.6667
Cu_porphyry,18.1167,102.0833
Cu_porphyry,17.3333,101.5000
Cu_porphyry,40.9261,35.4400
Cu_porphyry,41.2000,41.9000
Cu_porphyry,39.2667,39.6000
Cu_porphyry,41.9114,27.3167
Cu_porphyry,41.1750,41.8528
Cu_porphyry,40.8567,39.6531
Cu_porphyry,41.8333,27.6783
Cu_porphyry,41.9333,27.4500
Cu_porphyry,39.6000,27.1500
Cu_porphyry,40.4500,40.8833
Cu_porphyry,62.1106,-141.2119
Cu_porphyry,56.5167,-158.4000
Cu_porphyry,62.2167,-142.7333
Cu_porphyry,62.0333,-141.5833
Cu_porphyry,62.0511,-141.2181
Cu_porphyry,60.3531,-154.3150
Cu_porphyry,59.0194,-137.0833
Cu_porphyry,58.9875,-136.1028
Cu_porphyry,62.2058,-142.8419
Cu_porphyry,59.8983,-155.2956
Cu_porphyry,55.6250,-160.6669
Cu_porphyry,64.1333,-157.0500
Cu_porphyry,63.5208,-141.3236
Cu_porphyry,67.6333,-149.3333
Cu_porphyry,32.3569,-112.8653
Cu_porphyry,34.5858,-113.2119
Cu_porphyry,31.4319,-109.9014
Cu_porphyry,32.8667,-111.9500
Cu_porphyry,33.4000,-110.9500
Cu_porphyry,33.0653,-110.7961
Cu_porphyry,33.0600,-110.7453
Cu_porphyry,34.4989,-112.5800
Cu_porphyry,32.7500,-110.4800
Cu_porphyry,31.8694,-111.1200
Cu_porphyry,33.3328,-110.9442
Cu_porphyry,31.8300,-110.7600
Cu_porphyry,35.3667,-114.1500
Cu_porphyry,32.0986,-110.0650
Cu_porphyry,32.5239,-111.9047
Cu_porphyry,33.3422,-110.9031
Cu_porphyry,33.4200,-110.7400
Cu_porphyry,33.1100,-111.5800
Cu_porphyry,31.9833,-111.0667
Cu_porphyry,33.1036,-109.3611
Cu_porphyry,34.3689,-112.3519
Cu_porphyry,33.1167,-111.4167
Cu_porphyry,33.1636,-110.9831
Cu_porphyry,33.0361,-111.2161
Cu_porphyry,31.4900,-110.7200
Cu_porphyry,33.3000,-111.0833
Cu_porphyry,32.9547,-111.8161
Cu_porphyry,32.9333,-109.6000
Cu_porphyry,32.6997,-110.6778
Cu_porphyry,31.9667,-111.0167
Cu_porphyry,32.8833,-109.5333
Cu_porphyry,34.0800,-112.4600
Cu_porphyry,32.4000,-111.5000
Cu_porphyry,34.4803,-111.8653
Cu_porphyry,31.4511,-110.7461
Cu_porphyry,33.3781,-110.9989
Cu_porphyry,31.8928,-111.0353
Cu_porphyry,31.7681,-110.4619
Cu_porphyry,32.5800,-112.0900
Cu_porphyry,40.1950,-120.8539
Cu_porphyry,37.4069,-108.0881
Cu_porphyry,45.3564,-113.9939
Cu_porphyry,43.0931,-111.3231
Cu_porphyry,45.5361,-70.2169
Cu_porphyry,45.6000,-70.3333
Cu_porphyry,46.3417,-112.0792
Cu_porphyry,46.0172,-112.5111
Cu_porphyry,47.0258,-112.3600
Cu_porphyry,32.8067,-108.1186
Cu_porphyry,32.8464,-108.0906
Cu_porphyry,32.7903,-108.0728
Cu_porphyry,32.6331,-108.3669
Cu_porphyry,38.9600,-119.2700
Cu_porphyry,39.0300,-119.1800
Cu_porphyry,39.8000,-115.1500
Cu_porphyry,41.7669,-114.7669
Cu_porphyry,40.6119,-117.0361
Cu_porphyry,40.5469,-117.1267
Cu_porphyry,35.4833,-115.1333
Cu_porphyry,40.6875,-117.0833
Cu_porphyry,39.2600,-114.9994
Cu_porphyry,40.4167,-117.2167
Cu_porphyry,40.2667,-117.7500
Cu_porphyry,39.0500,-119.2400
Cu_porphyry,38.6167,-118.4333
Cu_porphyry,38.3333,-117.5000
Cu_porphyry,38.4919,-118.0750
Cu_porphyry,38.7800,-117.9500
Cu_porphyry,38.9800,-119.2000
Cu_porphyry,29.8050,-104.4028
Cu_porphyry,40.5292,-112.1539
Cu_porphyry,38.4806,-113.2997
Cu_porphyry,40.6250,-111.3797
Cu_porphyry,39.8581,-112.1250
Cu_porphyry,48.1978,-120.9792
Cu_porphyry,48.2158,-121.3342
Cu_porphyry,48.9950,-119.4781
Cu_porphyry,46.3564,-122.0808
Cu_porphyry,48.6147,-120.3819
Cu_porphyry,47.5000,-121.3667
Cu_porphyry,47.6775,-121.6364
Cu_porphyry,48.0086,-121.5036
Cu_porphyry,41.1450,-105.1861
Cu_porphyry,43.8825,-109.3111
Cu_porphyry,44.0289,-109.6831
Cu_porphyry,44.0300,-109.6014
Cu_porphyry,40.8139,69.6464
Cu_porphyry,40.7986,69.7061
Cu_porphyry,40.7769,69.7792
Cu_porphyry,41.0978,70.1258
Cu_porphyry,-12.6072,27.8819
Cu_sediment,33.8472,-0.3417
Cu_sediment,33.0000,-4.2500
Cu_sediment,32.8500,-0.4500
Cu_sediment,32.8333,-0.2417
Cu_sediment,32.7700,-0.6667
Cu_sediment,32.7500,-0.5833
Cu_sediment,31.5000,-2.9667
Cu_sediment,30.7833,-9.1000
Cu_sediment,30.4667,-7.5000
Cu_sediment,30.0944,-8.3500
Cu_sediment,30.0625,-8.4083
Cu_sediment,29.3833,-9.0333
Cu_sediment,29.2500,32.4667
Cu_sediment,28.9667,32.4667
Cu_sediment,28.2667,-9.2333
Cu_sediment,23.9833,35.6667
Cu_sediment,16.9833,7.9333
Cu_sediment,15.1667,-9.9833
Cu_sediment,14.0833,-9.7500
Cu_sediment,12.2667,-11.3500
Cu_sediment,1.0833,9.9833
Cu_sediment,0.2167,30.0500
Cu_sediment,-4.2333,15.2333
Cu_sediment,-9.1667,28.2500
Cu_sediment,-10.5800,26.1533
Cu_sediment,-10.6000,26.3008
Cu_sediment,-10.6667,25.5167
Cu_sediment,-10.7250,26.4069
Cu_sediment,-10.7333,25.4167
Cu_sediment,-10.8083,26.5906
Cu_sediment,-10.8400,26.4806
Cu_sediment,-10.8450,26.6186
Cu_sediment,-10.8792,26.6064
Cu_sediment,-10.9497,26.7767
Cu_sediment,-10.9767,25.9250
Cu_sediment,-11.0083,14.5000
Cu_sediment,-11.0267,25.2083
Cu_sediment,-11.0833,14.0944
Cu_sediment,-11.1417,27.5106
Cu_sediment,-11.1689,27.0092
Cu_sediment,-11.5139,27.4206
Cu_sediment,-11.6211,27.2617
Cu_sediment,-11.6483,27.5772
Cu_sediment,-12.0167,27.9167
Cu_sediment,-12.0517,25.9583
Cu_sediment,-12.0833,26.4167
Cu_sediment,-12.1617,25.7542
Cu_sediment,-12.1789,25.8514
Cu_sediment,-12.2658,27.7136
Cu_sediment,-12.2753,27.9672
Cu_sediment,-12.3900,27.8264
Cu_sediment,-12.4317,28.3147
Cu_sediment,-12.4772,28.3797
Cu_sediment,-12.5111,13.5167
Cu_sediment,-12.5228,28.2361
Cu_sediment,-12.5500,27.8306
Cu_sediment,-12.5250,27.8667
Cu_sediment,-12.5864,28.3656
Cu_sediment,-12.6456,27.8656
Cu_sediment,-12.6583,27.9867
Cu_sediment,-12.6778,28.0458
Cu_sediment,-12.6819,27.9167
Cu_sediment,-12.7133,27.9767
Cu_sediment,-12.7408,28.1064
Cu_sediment,-12.7592,28.0047
Cu_sediment,-12.8044,28.1714
Cu_sediment,-12.8044,28.5000
Cu_sediment,-12.8250,28.1250
Cu_sediment,-12.8319,27.1750
Cu_sediment,-12.8333,28.0500
Cu_sediment,-12.8592,28.2111
Cu_sediment,-12.9167,28.0542
Cu_sediment,-13.0000,28.6111
Cu_sediment,-13.0208,28.6853
Cu_sediment,-13.0500,28.3778
Cu_sediment,-13.0792,28.2750
Cu_sediment,-13.1306,28.3833
Cu_sediment,-13.4167,25.0000
Cu_sediment,-13.6250,24.7833
Cu_sediment,-16.8794,30.1500
Cu_sediment,-16.9272,30.1500
Cu_sediment,-16.9444,30.2708
Cu_sediment,-17.2611,30.0500
Cu_sediment,-17.2656,30.0444
Cu_sediment,-17.4303,30.0083
Cu_sediment,-20.5000,26.5583
Cu_sediment,-20.7500,23.1000
Cu_sediment,-21.0833,26.7500
Cu_sediment,-21.7167,21.6167
Cu_sediment,-22.3833,18.5333
Cu_sediment,-22.9583,17.6833
Cu_sediment,-22.9833,17.1000
Cu_sediment,-23.8000,16.6333
Cu_sediment,-24.3333,29.0000
Cu_sediment,68.2500,87.2500
Cu_sediment,68.0000,66.8333
Cu_sediment,67.8333,86.8000
Cu_sediment,67.6667,87.0000
Cu_sediment,67.6000,86.7500
Cu_sediment,67.5000,65.5000
Cu_sediment,67.0000,65.0000
Cu_sediment,66.5167,87.5500
Cu_sediment,65.5000,60.5000
Cu_sediment,65.2500,60.0000
Cu_sediment,61.2500,137.5000
Cu_sediment,60.7500,92.5000
Cu_sediment,60.5000,97.5000
Cu_sediment,59.5000,98.2500
Cu_sediment,59.5000,100.7500
Cu_sediment,59.0000,119.9833
Cu_sediment,58.8333,97.2500
Cu_sediment,58.7667,106.5000
Cu_sediment,58.7500,139.0000
Cu_sediment,58.5000,94.0000
Cu_sediment,58.3333,49.8333
Cu_sediment,58.0000,107.5000
Cu_sediment,57.5000,95.0000
Cu_sediment,56.7500,119.2000
Cu_sediment,57.3333,119.9167
Cu_sediment,57.2500,113.5000
Cu_sediment,56.7833,117.0833
Cu_sediment,56.5000,50.7500
Cu_sediment,56.5000,119.9167
Cu_sediment,56.5833,118.5000
Cu_sediment,56.4167,118.6667
Cu_sediment,55.5000,103.7500
Cu_sediment,55.4167,53.0000
Cu_sediment,56.7500,118.3333
Cu_sediment,54.5333,52.7667
Cu_sediment,54.0833,54.1167
Cu_sediment,54.0000,54.2333
Cu_sediment,54.0000,98.0000
Cu_sediment,53.9167,54.9167
Cu_sediment,53.7500,108.0000
Cu_sediment,53.6667,96.8000
Cu_sediment,50.7000,92.4000
Cu_sediment,50.5000,91.5000
Cu_sediment,50.1444,91.4792
Cu_sediment,53.5000,55.0833
Cu_sediment,52.1667,68.6667
Cu_sediment,53.5000,107.9167
Cu_sediment,52.0000,55.3333
Cu_sediment,52.5000,55.1167
Cu_sediment,51.9167,68.0333
Cu_sediment,51.8333,67.0000
Cu_sediment,51.8306,68.4500
Cu_sediment,51.7833,55.8500
Cu_sediment,51.7500,56.8500
Cu_sediment,51.2500,55.0000
Cu_sediment,51.1667,67.7167
Cu_sediment,50.9167,73.5000
Cu_sediment,50.8250,68.4333
Cu_sediment,50.8033,68.1667
Cu_sediment,50.7500,68.5000
Cu_sediment,50.6250,68.1333
Cu_sediment,50.5000,68.1167
Cu_sediment,50.4167,67.8833
Cu_sediment,50.4167,67.8833
Cu_sediment,50.3417,68.0000
Cu_sediment,50.2667,57.3333
Cu_sediment,49.1000,67.0000
Cu_sediment,48.5167,67.0000
Cu_sediment,48.3411,67.7236
Cu_sediment,48.3000,67.5667
Cu_sediment,48.2833,67.4333
Cu_sediment,48.2667,67.3333
Cu_sediment,48.1933,68.0000
Cu_sediment,48.1267,67.5417
Cu_sediment,48.0167,67.5403
Cu_sediment,48.1222,67.3919
Cu_sediment,47.8167,67.3000
Cu_sediment,47.8000,67.1333
Cu_sediment,47.5833,66.8667
Cu_sediment,45.0000,70.0000
Cu_sediment,44.8667,65.4667
Cu_sediment,44.5000,51.0000
Cu_sediment,44.4667,50.7500
Cu_sediment,43.7000,40.9667
Cu_sediment,43.5000,69.8333
Cu_sediment,43.4500,68.4833
Cu_sediment,42.7500,71.5000
Cu_sediment,42.6333,75.2333
Cu_sediment,42.6333,79.0000
Cu_sediment,42.5333,74.9167
Cu_sediment,42.5250,78.6667
Cu_sediment,42.5167,73.8333
Cu_sediment,42.5000,72.0000
Cu_sediment,42.5000,75.6667
Cu_sediment,42.2500,72.5000
Cu_sediment,41.8000,81.8333
Cu_sediment,41.7500,82.7500
Cu_sediment,41.6000,80.3000
Cu_sediment,41.5667,82.0000
Cu_sediment,41.5000,81.2500
Cu_sediment,40.8333,71.6000
Cu_sediment,40.2500,73.0000
Cu_sediment,40.2000,72.4000
Cu_sediment,40.0000,74.7500
Cu_sediment,39.7333,74.0333
Cu_sediment,39.7167,74.0333
Cu_sediment,39.3333,72.5000
Cu_sediment,39.2500,68.0000
Cu_sediment,39.0000,68.0000
Cu_sediment,38.2500,69.1667
Cu_sediment,37.6333,87.0000
Cu_sediment,37.5833,89.1667
Cu_sediment,35.5833,111.2500
Cu_sediment,34.8500,68.6500
Cu_sediment,34.4314,69.3786
Cu_sediment,34.3981,69.3056
Cu_sediment,34.3722,69.3778
Cu_sediment,34.3347,69.2667
Cu_sediment,34.3158,69.3028
Cu_sediment,34.2667,69.4000
Cu_sediment,34.2661,69.3006
Cu_sediment,34.2319,69.2611
Cu_sediment,32.5592,72.4667
Cu_sediment,31.3667,111.7667
Cu_sediment,31.1667,97.2333
Cu_sediment,30.6667,105.0667
Cu_sediment,30.0000,103.0000
Cu_sediment,29.2833,106.2000
Cu_sediment,26.8500,104.2000
Cu_sediment,26.4833,104.2000
Cu_sediment,26.7833,112.5667
Cu_sediment,26.6833,102.2500
Cu_sediment,26.3222,102.3333
Cu_sediment,26.2917,102.3333
Cu_sediment,26.2500,102.3333
Cu_sediment,26.2667,104.0167
Cu_sediment,26.2500,102.6667
Cu_sediment,26.2500,112.1667
Cu_sediment,26.2500,113.0833
Cu_sediment,26.0000,103.1167
Cu_sediment,25.7500,103.0000
Cu_sediment,25.7500,111.5000
Cu_sediment,25.4167,103.2500
Cu_sediment,25.0667,102.6833
Cu_sediment,24.3333,103.5500
Cu_sediment,24.1833,102.1667
Cu_sediment,24.1500,102.1667
Cu_sediment,24.1167,102.1667
Cu_sediment,24.0000,114.0000
Cu_sediment,23.7500,103.5833
Cu_sediment,23.5833,104.0833
Cu_sediment,23.5000,103.9167
Cu_sediment,18.8667,82.0500
Cu_sediment,18.7500,100.8333
Cu_sediment,18.5667,99.9167
Cu_sediment,18.0000,100.8000
Cu_sediment,16.6667,102.2500
Cu_sediment,14.4667,105.6833
Cu_sediment,14.3333,105.6333
Cu_sediment,11.8333,125.2500
Cu_sediment,-17.3333,131.0333
Cu_sediment,-24.0500,133.2667
Cu_sediment,-29.6667,137.9167
Cu_sediment,-29.8833,137.8167
Cu_sediment,-30.0000,139.3333
Cu_sediment,-30.6000,138.5000
Cu_sediment,-31.1000,138.7500
Cu_sediment,-31.4500,137.2500
Cu_sediment,-31.7500,137.3000
Cu_sediment,-31.4389,137.1333
Cu_sediment,-31.7500,137.7500
Cu_sediment,-32.2500,137.6000
Cu_sediment,-32.3333,138.7500
Cu_sediment,-32.4167,138.3000
Cu_sediment,-32.4167,138.5667
Cu_sediment,-33.6667,138.8333
Cu_sediment,-34.0000,138.2500
Cu_sediment,-34.4500,138.6833
Cu_sediment,-35.1000,139.0000
Cu_sediment,-37.7500,147.5000
Cu_sediment,70.4333,24.2167
Cu_sediment,67.1167,21.0000
Cu_sediment,58.9833,12.5000
Cu_sediment,58.8500,-2.9333
Cu_sediment,58.3833,14.5000
Cu_sediment,56.0633,-3.2250
Cu_sediment,55.9333,-4.7833
Cu_sediment,55.8833,-4.7000
Cu_sediment,54.2500,5.5000
Cu_sediment,54.1500,7.8667
Cu_sediment,53.5167,1.2833
Cu_sediment,53.4000,2.9000
Cu_sediment,53.3000,-2.2500
Cu_sediment,53.3000,-2.2167
Cu_sediment,52.8833,-8.9167
Cu_sediment,52.8333,-2.9833
Cu_sediment,52.7500,-2.6667
Cu_sediment,52.7500,-2.0167
Cu_sediment,52.2667,-7.2000
Cu_sediment,52.1167,-8.6500
Cu_sediment,51.9833,10.2083
Cu_sediment,51.8833,-9.9500
Cu_sediment,51.7333,10.2667
Cu_sediment,51.6667,-8.8667
Cu_sediment,51.6417,15.0917
Cu_sediment,51.6000,11.4667
Cu_sediment,51.5833,14.3667
Cu_sediment,51.5500,15.9000
Cu_sediment,51.4917,16.0417
Cu_sediment,51.4900,11.2800
Cu_sediment,51.4667,8.8875
Cu_sediment,51.4000,8.8500
Cu_sediment,51.4000,10.2567
Cu_sediment,51.4000,16.1333
Cu_sediment,51.3833,16.1833
Cu_sediment,51.3333,9.8667
Cu_sediment,51.2750,15.5667
Cu_sediment,51.2500,13.7167
Cu_sediment,51.2167,8.7833
Cu_sediment,51.1083,15.8167
Cu_sediment,51.1000,15.9000
Cu_sediment,51.0833,8.8667
Cu_sediment,50.9833,9.9000
Cu_sediment,50.8300,10.3000
Cu_sediment,50.7000,10.8900
Cu_sediment,50.6167,15.6667
Cu_sediment,50.5542,16.5000
Cu_sediment,50.5667,16.1667
Cu_sediment,50.5333,5.6167
Cu_sediment,50.5167,-3.5000
Cu_sediment,50.4667,15.5333
Cu_sediment,50.3667,4.0667
Cu_sediment,50.2500,9.1667
Cu_sediment,50.1667,9.3333
Cu_sediment,48.6000,38.0333
Cu_sediment,48.5667,20.3000
Cu_sediment,48.5000,27.0000
Cu_sediment,48.5000,36.0000
Cu_sediment,48.3667,38.1167
Cu_sediment,48.3333,21.5000
Cu_sediment,47.5000,37.5000
Cu_sediment,47.0667,9.2500
Cu_sediment,46.3833,11.4333
Cu_sediment,46.3500,7.0167
Cu_sediment,46.3042,6.7333
Cu_sediment,46.2500,6.6500
Cu_sediment,46.2083,6.5167
Cu_sediment,46.0850,6.5417
Cu_sediment,45.0833,14.2500
Cu_sediment,44.0667,6.8583
Cu_sediment,44.0542,6.8600
Cu_sediment,44.0333,6.8583
Cu_sediment,44.0292,6.8333
Cu_sediment,43.9867,6.8917
Cu_sediment,43.7333,3.3167
Cu_sediment,43.1667,22.2500
Cu_sediment,43.0667,6.3167
Cu_sediment,41.5833,-0.9167
Cu_sediment,39.9833,4.0833
Cu_sediment,38.0500,-1.0500
Cu_sediment,37.5500,-1.3667
Cu_sediment,35.5872,59.8356
Cu_sediment,32.7500,35.6667
Cu_sediment,31.0006,51.3350
Cu_sediment,30.6000,35.4167
Cu_sediment,30.4167,35.2500
Cu_sediment,30.1833,59.9986
Cu_sediment,29.7833,34.9750
Cu_sediment,29.7667,34.9500
Cu_sediment,29.7333,34.9667
Cu_sediment,29.2500,53.7500
Cu_sediment,20.1142,41.5656
Cu_sediment,19.1589,41.3800
Cu_sediment,19.1561,41.8158
Cu_sediment,19.1267,41.8100
Cu_sediment,18.9472,41.9175
Cu_sediment,18.8781,41.9436
Cu_sediment,18.7811,41.9578
Cu_sediment,18.7394,41.9711
Cu_sediment,18.6833,42.0000
Cu_sediment,18.4589,42.0186
Cu_sediment,73.4958,-22.0292
Cu_sediment,73.8000,-86.0000
Cu_sediment,72.6172,-23.6806
Cu_sediment,68.2000,-108.1831
Cu_sediment,67.5847,-115.5497
Cu_sediment,67.5347,-115.8956
Cu_sediment,66.4989,-116.2000
Cu_sediment,65.4094,-118.8764
Cu_sediment,65.3167,-131.6997
Cu_sediment,64.8750,-118.5831
Cu_sediment,64.7833,-133.9308
Cu_sediment,63.8758,-128.0964
Cu_sediment,63.8217,-127.9722
Cu_sediment,63.8167,-128.1997
Cu_sediment,63.8167,-127.7167
Cu_sediment,63.7878,-127.4667
Cu_sediment,63.7750,-127.4331
Cu_sediment,63.7722,-127.8297
Cu_sediment,63.7222,-127.3031
Cu_sediment,63.5833,-139.5000
Cu_sediment,63.4694,-127.0683
Cu_sediment,63.4222,-123.2247
Cu_sediment,63.2639,-127.0469
Cu_sediment,63.2494,-127.0261
Cu_sediment,63.1208,-126.8667
Cu_sediment,63.1000,-126.8914
Cu_sediment,63.0500,-126.7667
Cu_sediment,62.8917,-126.6053
Cu_sediment,62.6942,-126.6200
Cu_sediment,62.6681,-126.6331
Cu_sediment,62.5694,-98.8061
Cu_sediment,62.5131,-126.2119
Cu_sediment,62.4667,-110.1581
Cu_sediment,61.2667,-127.0831
Cu_sediment,60.6139,-101.2000
Cu_sediment,60.1856,-100.5233
Cu_sediment,58.7389,-63.1142
Cu_sediment,58.3392,-124.5419
Cu_sediment,57.7833,-103.7331
Cu_sediment,57.4583,-104.1692
Cu_sediment,56.9083,-104.9431
Cu_sediment,56.8772,-104.9158
Cu_sediment,56.8750,-104.9733
Cu_sediment,56.6556,-68.5831
Cu_sediment,56.4417,-76.4331
Cu_sediment,56.4056,-76.4636
Cu_sediment,56.3933,-67.8942
Cu_sediment,56.3667,-109.2500
Cu_sediment,56.3500,-76.4486
Cu_sediment,56.3458,-76.4275
Cu_sediment,56.3167,-76.4167
Cu_sediment,56.2822,-67.8317
Cu_sediment,56.2333,-105.7167
Cu_sediment,56.2711,-67.7956
Cu_sediment,56.0583,-67.7167
Cu_sediment,56.0500,-126.2667
Cu_sediment,55.3311,-105.3667
Cu_sediment,54.3139,-61.9661
Cu_sediment,54.4931,-61.6831
Cu_sediment,54.3069,-61.7947
Cu_sediment,54.3031,-61.6003
Cu_sediment,54.3111,-61.8928
Cu_sediment,54.3042,-61.7581
Cu_sediment,54.3028,-61.6908
Cu_sediment,54.3000,-62.0303
Cu_sediment,54.2981,-62.0581
Cu_sediment,54.2958,-61.6803
Cu_sediment,54.2806,-61.9947
Cu_sediment,54.2669,-61.7761
Cu_sediment,54.2583,-61.5714
Cu_sediment,52.5914,-121.7775
Cu_sediment,51.4667,-115.8667
Cu_sediment,49.4464,-114.5728
Cu_sediment,49.4372,-114.5683
Cu_sediment,49.4219,-114.5750
Cu_sediment,49.4058,-114.5644
Cu_sediment,49.3961,-114.5636
Cu_sediment,49.3864,-114.5756
Cu_sediment,49.3667,-114.2500
Cu_sediment,49.3325,-114.3658
Cu_sediment,49.3325,-114.3044
Cu_sediment,49.3297,-114.3086
Cu_sediment,49.3286,-114.3025
Cu_sediment,49.3081,-114.3431
Cu_sediment,49.2964,-114.0375
Cu_sediment,49.2500,-114.3747
Cu_sediment,49.2739,-114.3378
Cu_sediment,49.2267,-114.0042
Cu_sediment,49.2278,-114.0167
Cu_sediment,49.2208,-114.1369
Cu_sediment,49.2158,-114.1247
Cu_sediment,49.2150,-114.0042
Cu_sediment,49.2086,-114.3500
Cu_sediment,49.2011,-113.9822
Cu_sediment,49.1953,-113.9981
Cu_sediment,49.1856,-114.0967
Cu_sediment,49.1925,-114.1028
Cu_sediment,49.1803,-114.1114
Cu_sediment,49.1697,-114.3878
Cu_sediment,49.1528,-114.3456
Cu_sediment,49.1500,-114.2858
Cu_sediment,49.1486,-88.9914
Cu_sediment,49.1375,-114.3344
Cu_sediment,49.1333,-114.3775
Cu_sediment,49.1325,-114.0156
Cu_sediment,49.0808,-114.0075
Cu_sediment,49.0650,-114.0147
Cu_sediment,49.0400,-114.2681
Cu_sediment,49.0333,-114.2719
Cu_sediment,49.0139,-114.0956
Cu_sediment,49.0250,-114.0667
Cu_sediment,49.0100,-114.2219
Cu_sediment,49.0083,-114.1667
Cu_sediment,48.5686,-58.8139
Cu_sediment,48.3039,-58.5497
Cu_sediment,48.2422,-58.8231
Cu_sediment,48.1986,-115.8950
Cu_sediment,48.0794,-115.6767
Cu_sediment,48.0250,-58.8558
Cu_sediment,47.9061,-59.0731
Cu_sediment,47.8689,-59.1153
Cu_sediment,47.8511,-115.3697
Cu_sediment,47.8472,-59.1844
Cu_sediment,47.8236,-59.3297
Cu_sediment,47.8167,-115.3331
Cu_sediment,47.6831,-115.8606
Cu_sediment,47.5708,-65.6206
Cu_sediment,47.5044,-115.7436
Cu_sediment,47.5000,-114.0831
Cu_sediment,47.4825,-115.7247
Cu_sediment,47.2333,-112.7667
Cu_sediment,46.9300,-60.4981
Cu_sediment,46.9167,-112.0831
Cu_sediment,46.8667,-112.1167
Cu_sediment,46.7667,-89.5667
Cu_sediment,46.6833,-89.9833
Cu_sediment,46.6292,-81.2000
Cu_sediment,46.6000,-82.7667
Cu_sediment,46.5861,-82.6042
Cu_sediment,46.5333,-87.4500
Cu_sediment,46.3592,-83.9667
Cu_sediment,46.3500,-89.3167
Cu_sediment,46.2378,-60.2667
Cu_sediment,46.2353,-60.6111
Cu_sediment,46.2286,-61.1481
Cu_sediment,46.2178,-60.5894
Cu_sediment,46.1672,-60.2719
Cu_sediment,46.1667,-61.1497
Cu_sediment,46.1667,-60.2997
Cu_sediment,46.1647,-61.4361
Cu_sediment,46.1331,-60.9167
Cu_sediment,46.1325,-62.9656
Cu_sediment,46.1314,-61.4603
Cu_sediment,46.1300,-60.3414
Cu_sediment,46.1200,-60.3564
Cu_sediment,46.1039,-60.3844
Cu_sediment,46.0750,-60.7667
Cu_sediment,46.0542,-60.8019
Cu_sediment,46.0722,-60.3269
Cu_sediment,46.0714,-60.3858
Cu_sediment,46.0656,-81.7853
Cu_sediment,46.0567,-60.3519
Cu_sediment,46.0417,-60.4667
Cu_sediment,46.0367,-61.4681
Cu_sediment,46.0267,-60.4447
Cu_sediment,46.0144,-81.8003
Cu_sediment,46.0008,-60.4269
Cu_sediment,45.9903,-59.9914
Cu_sediment,45.9900,-61.4147
Cu_sediment,45.9833,-60.3167
Cu_sediment,45.9753,-60.7392
Cu_sediment,45.9625,-60.8097
Cu_sediment,45.9619,-61.1011
Cu_sediment,45.9619,-60.7789
Cu_sediment,45.9286,-64.4764
Cu_sediment,45.9247,-61.4372
Cu_sediment,45.9125,-60.3081
Cu_sediment,45.8461,-61.9181
Cu_sediment,45.8281,-63.6350
Cu_sediment,45.8250,-64.5817
Cu_sediment,45.8225,-63.6611
Cu_sediment,45.8194,-63.6864
Cu_sediment,45.8183,-63.7539
Cu_sediment,45.8167,-60.2167
Cu_sediment,45.8094,-63.2961
Cu_sediment,45.8050,-60.7214
Cu_sediment,45.8039,-63.2397
Cu_sediment,45.7989,-63.3486
Cu_sediment,45.7900,-60.2564
Cu_sediment,45.7867,-61.9103
Cu_sediment,45.7728,-63.5706
Cu_sediment,45.7694,-63.3233
Cu_sediment,45.7667,-65.1667
Cu_sediment,45.7667,-63.6667
Cu_sediment,45.7528,-62.7831
Cu_sediment,45.7506,-63.1700
Cu_sediment,45.7506,-62.8042
Cu_sediment,45.7497,-63.8453
Cu_sediment,45.7406,-63.5731
Cu_sediment,45.7394,-62.0056
Cu_sediment,45.7383,-63.3389
Cu_sediment,45.7333,-64.2500
Cu_sediment,45.7219,-62.2358
Cu_sediment,45.7192,-63.3017
Cu_sediment,45.7186,-63.5611
Cu_sediment,45.7167,-60.7467
Cu_sediment,45.6964,-63.2806
Cu_sediment,45.6956,-63.0472
Cu_sediment,45.6953,-63.1692
Cu_sediment,45.6944,-60.3558
Cu_sediment,45.6931,-62.8289
Cu_sediment,45.6919,-64.7417
Cu_sediment,45.6900,-63.5522
Cu_sediment,45.6889,-61.5619
Cu_sediment,45.6875,-63.2386
Cu_sediment,45.6867,-64.7114
Cu_sediment,45.6797,-63.2472
Cu_sediment,45.6903,-61.1292
Cu_sediment,45.6772,-63.2100
Cu_sediment,45.6736,-63.2247
Cu_sediment,45.6725,-64.7853
Cu_sediment,45.6700,-64.7897
Cu_sediment,45.6689,-61.5919
Cu_sediment,45.6683,-63.3219
Cu_sediment,45.6672,-63.6050
Cu_sediment,45.6622,-63.3258
Cu_sediment,45.6608,-63.1878
Cu_sediment,45.6567,-64.8017
Cu_sediment,45.6561,-62.8786
Cu_sediment,45.6522,-63.2203
Cu_sediment,45.6514,-64.8097
Cu_sediment,45.6472,-64.7372
Cu_sediment,45.6469,-61.9903
Cu_sediment,45.6456,-63.3133
Cu_sediment,45.6342,-62.9572
Cu_sediment,45.6339,-62.0500
Cu_sediment,45.6333,-62.0200
Cu_sediment,45.6322,-62.7956
Cu_sediment,45.6319,-63.5222
Cu_sediment,45.6294,-62.0333
Cu_sediment,45.6264,-61.3892
Cu_sediment,45.6122,-62.0625
Cu_sediment,45.5972,-61.6456
Cu_sediment,45.5811,-62.4892
Cu_sediment,45.5778,-62.1206
Cu_sediment,45.5706,-61.8319
Cu_sediment,45.5661,-61.3544
Cu_sediment,45.5511,-62.0275
Cu_sediment,45.5511,-61.8136
Cu_sediment,45.5500,-62.8500
Cu_sediment,45.5483,-62.7547
Cu_sediment,45.5419,-62.0972
Cu_sediment,45.5383,-62.5969
Cu_sediment,45.5372,-61.9847
Cu_sediment,45.5344,-61.9622
Cu_sediment,45.5283,-61.9069
Cu_sediment,45.5244,-62.6139
Cu_sediment,45.5094,-62.6481
Cu_sediment,45.5092,-62.0772
Cu_sediment,45.5031,-62.6789
Cu_sediment,45.4822,-62.6650
Cu_sediment,45.4608,-62.6106
Cu_sediment,45.4389,-61.5678
Cu_sediment,45.4042,-62.0500
Cu_sediment,45.4000,-62.6331
Cu_sediment,45.3764,-61.5886
Cu_sediment,45.3744,-75.9708
Cu_sediment,45.3500,-75.9331
Cu_sediment,45.2756,-63.2183
Cu_sediment,45.1947,-63.1978
Cu_sediment,45.0667,-113.8497
Cu_sediment,44.6864,-66.8731
Cu_sediment,43.4333,-103.5000
Cu_sediment,43.0000,-110.7500
Cu_sediment,42.7333,-105.8331
Cu_sediment,42.3333,-111.2500
Cu_sediment,41.9167,-72.7500
Cu_sediment,41.5833,-76.4581
Cu_sediment,41.5000,-76.1167
Cu_sediment,41.3542,-111.5414
Cu_sediment,41.2917,-76.5997
Cu_sediment,41.2750,-76.3831
Cu_sediment,41.0333,-75.0331
Cu_sediment,40.8000,-74.1667
Cu_sediment,40.7833,-74.1331
Cu_sediment,40.7500,-74.2000
Cu_sediment,40.6167,-111.5167
Cu_sediment,40.5333,-106.7500
Cu_sediment,40.2303,-115.9053
Cu_sediment,39.1500,-109.1000
Cu_sediment,38.8792,-77.3167
Cu_sediment,38.8000,-110.9000
Cu_sediment,38.7500,-104.7500
Cu_sediment,38.5000,-105.5000
Cu_sediment,38.4306,-108.8206
Cu_sediment,38.3925,-108.4314
Cu_sediment,38.3611,-109.7331
Cu_sediment,38.3000,-108.9500
Cu_sediment,38.2333,-109.2167
Cu_sediment,38.1500,-109.1331
Cu_sediment,38.0000,-107.8831
Cu_sediment,37.8083,-110.4331
Cu_sediment,37.7333,-91.0831
Cu_sediment,37.6667,-97.6667
Cu_sediment,37.6542,-110.0081
Cu_sediment,37.6403,-110.0483
Cu_sediment,37.6167,-108.1667
Cu_sediment,37.5000,-105.0167
Cu_sediment,37.4667,-102.2331
Cu_sediment,37.4500,-102.2331
Cu_sediment,37.3333,-97.9331
Cu_sediment,37.0833,-97.6667
Cu_sediment,36.9333,-103.0831
Cu_sediment,36.9167,-103.4331
Cu_sediment,36.7500,-97.8331
Cu_sediment,36.6667,-111.3831
Cu_sediment,36.4000,-96.9747
Cu_sediment,36.3333,-112.7500
Cu_sediment,36.2500,-106.8331
Cu_sediment,36.1667,-113.1667
Cu_sediment,36.1000,-105.1667
Cu_sediment,36.0083,-106.8833
Cu_sediment,35.9833,-114.1667
Cu_sediment,35.7500,-109.2500
Cu_sediment,35.4167,-113.5000
Cu_sediment,35.2000,-108.0997
Cu_sediment,35.0000,-97.5000
Cu_sediment,35.0000,-84.5000
Cu_sediment,34.9833,-110.7167
Cu_sediment,34.9333,-104.8667
Cu_sediment,34.8833,-99.5000
Cu_sediment,34.8500,-104.8497
Cu_sediment,34.7833,-97.2831
Cu_sediment,34.6500,-99.3500
Cu_sediment,34.5000,-106.4167
Cu_sediment,34.4333,-106.2997
Cu_sediment,34.2667,-106.4667
Cu_sediment,34.2500,-111.0000
Cu_sediment,34.2500,-106.5000
Cu_sediment,34.2000,-98.2997
Cu_sediment,34.1667,-99.5167
Cu_sediment,34.0833,-99.8331
Cu_sediment,33.7500,-99.9000
Cu_sediment,33.5500,-99.9831
Cu_sediment,33.5000,-100.0331
Cu_sediment,33.5000,-99.7500
Cu_sediment,33.4833,-99.9500
Cu_sediment,33.4000,-100.0497
Cu_sediment,33.3333,-100.0581
Cu_sediment,33.2167,-105.8331
Cu_sediment,33.0833,-100.1667
Cu_sediment,33.0292,-100.0831
Cu_sediment,33.0292,-100.0831
Cu_sediment,32.9583,-105.7831
Cu_sediment,32.9167,-105.7997
Cu_sediment,32.4333,-104.2500
Cu_sediment,27.1667,-112.5000
Cu_sediment,29.3633,-105.0694
Cu_sediment,18.2417,-76.7167
Cu_sediment,18.1333,-76.6333
Cu_sediment,18.1000,-76.6167
Cu_sediment,10.6667,-72.8333
Cu_sediment,8.0000,-72.0000
Cu_sediment,-3.1833,-40.5500
Cu_sediment,-3.5000,-41.1167
Cu_sediment,-6.9167,-38.9167
Cu_sediment,-7.1333,-40.1667
Cu_sediment,-8.7500,-59.0000
Cu_sediment,-9.7167,-75.8333
Cu_sediment,-11.3000,-75.8500
Cu_sediment,-12.2167,-75.7083
Cu_sediment,-12.7167,-74.3333
Cu_sediment,-13.3333,-72.0000
Cu_sediment,-13.5006,-73.3750
Cu_sediment,-14.0833,-70.6000
Cu_sediment,-16.6083,-68.8875
Cu_sediment,-16.8006,-68.4203
Cu_sediment,-17.1642,-68.4511
Cu_sediment,-17.2333,-46.8667
Cu_sediment,-17.3606,-68.4014
Cu_sediment,-17.4000,-68.3556
Cu_sediment,-17.5833,-68.2000
Cu_sediment,-17.9886,-67.7392
Cu_sediment,-18.2653,-68.0644
Cu_sediment,-19.3733,-66.9189
Cu_sediment,-20.9936,-67.2100
Cu_sediment,-21.3917,-66.5689
Cu_sediment,-21.6075,-67.0453
Cu_sediment,-22.7333,-68.2333
Cu_sediment,-21.7158,-67.4631
Cu_sediment,-23.7494,-70.5000
Cu_sediment,-24.0000,-64.4167
Cu_sediment,-25.2167,-65.1500
Cu_sediment,-25.5000,-49.0000
Cu_sediment,-27.7583,-70.1917
Cu_sediment,-30.5000,-53.3000
Cu_sediment,-30.7167,-53.4500
Cu_sediment,-30.9167,-53.4333
Cu_sediment,-30.9833,-53.5667
Cu_sediment,-32.3500,-71.0833
Cu_sediment,-32.4833,-71.1000
Cu_sediment,-32.5000,-71.0000
Cu_sediment,-32.5667,-70.0833
Cu_sediment,-38.3000,-69.0500
Cu_sediment,-36.5833,-69.4500
Cu_sediment,-38.6333,-69.1833
Cu_sediment,-38.6833,-69.6000
Cu_sediment,-38.8833,-68.9833
Cu_sediment,-39.2167,-69.8167
Cu_sediment,61.5333,-142.8667
Cu_VMS,24.3300,56.4200
Cu_VMS,41.2500,140.9986
Cu_VMS,65.0833,17.7833
Cu_VMS,40.7350,-122.0678
Cu_VMS,35.0436,33.1458
Cu_VMS,60.1919,23.3661
Cu_VMS,40.8489,38.3097
Cu_VMS,64.9117,20.2592
Cu_VMS,45.3225,-71.9119
Cu_VMS,48.2186,-79.2311
Cu_VMS,49.6083,-77.9350
Cu_VMS,35.1103,32.7878
Cu_VMS,48.3067,-79.0669
Cu_VMS,48.3167,-79.0819
Cu_VMS,41.2414,41.5783
Cu_VMS,38.3803,39.6592
Cu_VMS,54.8603,-99.9931
Cu_VMS,-18.4417,127.4889
Cu_VMS,67.0828,15.3272
Cu_VMS,35.0744,32.8431
Cu_VMS,67.1717,-156.3814
Cu_VMS,42.8847,-8.3231
Cu_VMS,47.6000,-66.0403
Cu_VMS,61.7167,9.3667
Cu_VMS,64.0000,19.0000
Cu_VMS,64.0000,19.0000
Cu_VMS,26.4550,37.5383
Cu_VMS,47.3967,-65.8258
Cu_VMS,52.8500,-6.1500
Cu_VMS,7.2833,122.1333
Cu_VMS,37.5169,-6.2486
Cu_VMS,11.7950,125.2683
Cu_VMS,40.7258,-122.4997
Cu_VMS,46.7383,-68.7333
Cu_VMS,42.8778,-8.3492
Cu_VMS,15.9858,119.9550
Cu_VMS,44.9689,-67.2269
Cu_VMS,41.3131,41.5164
Cu_VMS,65.9150,-108.3631
Cu_VMS,23.1167,97.3000
Cu_VMS,24.5500,56.3800
Cu_VMS,60.0464,-147.9000
Cu_VMS,48.3117,-79.1100
Cu_VMS,49.6897,-77.6942
Cu_VMS,49.7742,-77.6186
Cu_VMS,49.8117,-55.8067
Cu_VMS,69.2894,22.4853
Cu_VMS,69.2969,22.4831
Cu_VMS,69.2722,22.4861
Cu_VMS,69.2850,22.4878
Cu_VMS,39.6886,-121.4319
Cu_VMS,44.9656,-67.2225
Cu_VMS,40.5431,-117.5603
Cu_VMS,34.4561,-112.1933
Cu_VMS,54.6614,-102.0328
Cu_VMS,68.3322,16.8075
Cu_VMS,65.0072,19.6111
Cu_VMS,64.9958,19.6872
Cu_VMS,64.9925,19.7319
Cu_VMS,41.8158,-123.0886
Cu_VMS,37.5661,-120.2556
Cu_VMS,48.4667,3.6333
Cu_VMS,64.8722,20.3789
Cu_VMS,54.8611,-100.1828
Cu_VMS,55.3925,-129.8511
Cu_VMS,10.8417,122.0281
Cu_VMS,66.3272,14.0781
Cu_VMS,49.6111,-123.1417
Cu_VMS,45.4800,-72.1083
Cu_VMS,34.5464,-113.2319
Cu_VMS,47.4758,-65.8889
Cu_VMS,47.4103,-65.8200
Cu_VMS,48.8236,-56.8667
Cu_VMS,48.8319,-56.8842
Cu_VMS,48.8250,-56.8375
Cu_VMS,40.8003,-122.2036
Cu_VMS,67.1500,16.0025
Cu_VMS,37.5406,-6.8272
Cu_VMS,48.5353,-81.5581
Cu_VMS,47.2833,-65.8772
Cu_VMS,-35.5897,149.4431
Cu_VMS,10.8594,122.0469
Cu_VMS,47.5614,-66.2972
Cu_VMS,10.8922,122.0897
Cu_VMS,37.7722,-7.0286
Cu_VMS,37.6367,-6.7625
Cu_VMS,37.5739,-7.9722
Cu_VMS,51.3808,-120.0617
Cu_VMS,54.7008,-101.6664
Cu_VMS,34.5503,-83.8778
Cu_VMS,47.0986,-66.2272
Cu_VMS,54.8322,-100.1236
Cu_VMS,49.6392,-56.0819
Cu_VMS,37.7783,-6.6783
Cu_VMS,48.5967,-78.0583
Cu_VMS,-21.6081,120.3478
Cu_VMS,38.5025,-120.9697
Cu_VMS,54.6492,-99.8733
Cu_VMS,48.3000,-79.0817
Cu_VMS,54.5847,-101.9978
Cu_VMS,45.4806,-88.9231
Cu_VMS,43.4311,-72.2514
Cu_VMS,37.7828,-6.8211
Cu_VMS,45.7733,-71.3133
Cu_VMS,54.7206,-101.7108
Cu_VMS,44.2156,-68.7275
Cu_VMS,48.2650,-78.9650
Cu_VMS,48.2867,-79.1000
Cu_VMS,49.8089,-78.9450
Cu_VMS,47.4308,-66.3992
Cu_VMS,54.8536,-100.4900
Cu_VMS,54.7611,-101.5742
Cu_VMS,48.2508,-78.4397
Cu_VMS,48.0511,-77.7108
Cu_VMS,48.0767,-77.5700
Cu_VMS,40.7267,-122.5214
Cu_VMS,48.0686,-77.7314
Cu_VMS,48.2361,-84.6278
Cu_VMS,54.8172,-101.8158
Cu_VMS,44.4161,-68.7725
Cu_VMS,49.4467,-76.1583
Cu_VMS,46.5394,-81.2558
Cu_VMS,37.8828,-8.1558
Cu_VMS,-28.9767,121.7697
Cu_VMS,45.3178,-71.9200
Cu_VMS,49.8683,-91.0372
Cu_VMS,37.5850,-7.1181
Cu_VMS,67.1472,16.1228
Cu_VMS,56.8333,-101.0083
Cu_VMS,45.4378,-91.1197
Cu_VMS,54.6769,-102.0286
Cu_VMS,54.7639,-101.8836
Cu_VMS,63.4194,11.6839
Cu_VMS,42.8497,-8.4917
Cu_VMS,56.6364,-101.6525
Cu_VMS,-28.7500,118.6833
Cu_VMS,50.6417,-74.6417
Cu_VMS,40.2592,140.6850
Cu_VMS,67.1497,15.9608
Cu_VMS,40.4000,140.7167
Cu_VMS,62.1422,9.9989
Cu_VMS,49.7578,-77.5639
Cu_VMS,37.8722,-8.2019
Cu_VMS,65.0678,14.4264
Cu_VMS,54.8306,-100.1061
Cu_VMS,67.1364,16.0550
Cu_VMS,-31.2572,146.8689
Cu_VMS,64.8667,13.4500
Cu_VMS,56.8950,-101.0917
Cu_VMS,41.8633,-123.3714
Cu_VMS,60.0103,5.8833
Cu_VMS,62.0333,9.9000
Cu_VMS,49.1969,-56.1550
Cu_VMS,38.3453,39.5456
Cu_VMS,48.2533,-79.1833
Cu_VMS,40.3214,140.5439
Cu_VMS,40.2889,140.5600
Cu_VMS,40.1881,140.8722
Cu_VMS,49.2819,-56.0806
Cu_VMS,54.6750,-102.8500
Cu_VMS,40.9486,38.8983
Cu_VMS,47.2925,-66.0614
Cu_VMS,47.2997,-66.0369
Cu_VMS,47.2925,-66.0614
Cu_VMS,-41.8458,145.5156
Cu_VMS,37.6153,-7.2936
Cu_VMS,62.6225,11.3478
Cu_VMS,55.4392,-129.8242
Cu_VMS,67.3817,-110.8511
Cu_VMS,13.1861,124.1850
Cu_VMS,63.1147,9.7450
Cu_VMS,48.2544,-79.0114
Cu_VMS,48.5517,-79.1344
Cu_VMS,45.2622,-72.3292
Cu_VMS,45.0264,-116.8583
Cu_VMS,34.5014,-112.2569
Cu_VMS,40.6753,-122.5278
Cu_VMS,41.2850,41.8139
Cu_VMS,48.4408,-79.3725
Cu_VMS,40.9283,38.8786
Cu_VMS,35.2081,132.4742
Cu_VMS,65.6292,-112.7958
Cu_VMS,23.8444,40.9425
Cu_VMS,67.0942,16.0006
Cu_VMS,48.5792,-81.5878
Cu_VMS,33.7822,-84.9169
Cu_VMS,34.7583,-112.1233
Cu_VMS,48.2656,-79.0244
Cu_VMS,64.8531,13.8842
Cu_VMS,49.4533,-78.3533
Cu_VMS,40.5444,39.2319
Cu_VMS,48.5917,-81.6067
Cu_VMS,40.7333,140.9183
Cu_VMS,64.9217,20.2681
Cu_VMS,34.9886,33.2617
Cu_VMS,64.9667,19.8333
Cu_VMS,40.7194,-122.5086
Cu_VMS,37.9844,-120.6467
Cu_VMS,-30.7650,152.0311
Cu_VMS,48.6900,-81.3656
Cu_VMS,62.7947,11.4731
Cu_VMS,65.0886,18.5950
Cu_VMS,65.4408,14.7736
Cu_VMS,40.8206,38.7089
Cu_VMS,35.0417,33.0625
Cu_VMS,35.0361,33.1164
Cu_VMS,41.0000,38.8461
Cu_VMS,40.3486,140.7606
Cu_VMS,40.3311,140.7608
Cu_VMS,40.5961,39.4511
Cu_VMS,65.0644,18.5633
Cu_VMS,43.0025,140.6842
Cu_VMS,42.9947,140.6428
Cu_VMS,42.9922,140.6647
Cu_VMS,41.8081,33.6919
Cu_VMS,41.7967,33.7031
Cu_VMS,37.3528,139.3275
Cu_VMS,58.2053,-128.3600
Cu_VMS,40.8792,40.0769
Cu_VMS,41.2500,41.8183
Cu_VMS,35.0297,32.5106
Cu_VMS,37.7653,-7.0208
Cu_VMS,37.5842,-6.9283
Cu_VMS,37.7092,-6.8525
Cu_VMS,37.6283,-7.1658
Cu_VMS,40.8417,38.6983
Cu_VMS,48.3517,-79.0553
Cu_VMS,37.7525,-6.9681
Cu_VMS,64.8247,20.2286
Cu_VMS,64.8464,20.2769
Cu_VMS,11.4583,122.9806
Cu_VMS,24.4500,56.4400
Cu_VMS,48.8664,-123.7903
Cu_VMS,65.1350,14.4231
Cu_VMS,59.7261,5.4369
Cu_VMS,35.0247,32.4911
Cu_VMS,45.6575,-71.3833
Cu_VMS,49.5978,-55.9389
Cu_VMS,63.1214,9.7022
Cu_VMS,37.8044,-6.9289
Cu_VMS,7.9833,117.0333
Cu_VMS,54.8308,-100.1128
Cu_VMS,38.0322,-8.4261
Cu_VMS,48.0983,-77.5197
Cu_VMS,49.6467,-77.7217
Cu_VMS,49.8856,-90.8894
Cu_VMS,41.0464,40.7583
Cu_VMS,13.7500,123.8000
Cu_VMS,63.8592,11.5019
Cu_VMS,40.7611,-122.4544
Cu_VMS,54.7269,-101.8322
Cu_VMS,16.8658,120.7722
Cu_VMS,18.0436,120.6764
Cu_VMS,34.9764,33.3464
Cu_VMS,49.8750,-90.9750
Cu_VMS,49.7178,-77.7167
Cu_VMS,35.0994,32.8422
Cu_VMS,49.4208,-93.6508
Cu_VMS,47.6067,-66.2336
Cu_VMS,60.1900,23.3425
Cu_VMS,48.2769,-78.5644
Cu_VMS,44.5786,-71.2575
Cu_VMS,48.3011,-79.0519
Cu_VMS,48.3889,-78.8958
Cu_VMS,50.7083,-74.7917
Cu_VMS,48.6150,-77.8700
Cu_VMS,-20.8778,117.8056
Cu_VMS,66.2417,14.4333
Cu_VMS,69.4094,20.9178
Cu_VMS,45.4264,-71.8133
Cu_VMS,-33.3000,149.3000
Cu_VMS,34.7911,33.2575
Cu_VMS,-23.3003,150.6522
Cu_VMS,-23.6333,150.3667
Cu_VMS,-27.0578,117.6956
Cu_VMS,-42.0644,145.5867
Cu_VMS,47.5253,-66.4344
Cu_VMS,37.9875,-120.6481
Cu_VMS,65.0994,19.1039
Cu_VMS,47.3800,-66.0306
Cu_VMS,49.2750,-55.6328
Cu_VMS,49.7897,-77.8347
Cu_VMS,38.3411,-120.8875
Cu_VMS,47.3875,-65.9353
Cu_VMS,62.0667,10.0833
Cu_VMS,49.7844,-77.6492
Cu_VMS,49.0025,-79.3656
Cu_VMS,47.3167,-66.0000
Cu_VMS,54.7644,-101.5800
Cu_VMS,-16.7350,127.6167
Cu_VMS,25.5953,41.4425
Cu_VMS,67.1386,16.1242
Cu_VMS,48.3403,-79.0897
Cu_VMS,49.7083,-77.7089
Cu_VMS,43.9372,-71.9486
Cu_VMS,60.2267,23.5447
Cu_VMS,54.9586,-99.7300
Cu_VMS,37.3989,139.4261
Cu_VMS,65.0164,19.4978
Cu_VMS,15.5500,-89.7167
Cu_VMS,47.4506,-65.9242
Cu_VMS,61.6164,23.5172
Cu_VMS,18.3833,120.7000
Cu_VMS,46.2069,-82.6492
Cu_VMS,37.7347,-7.3356
Cu_VMS,35.7578,-105.6683
Cu_VMS,45.5739,-89.4019
Cu_VMS,38.2306,-120.8739
Cu_VMS,44.3486,-68.8103
Cu_VMS,34.8836,32.7258
Cu_VMS,37.7075,-6.8778
Cu_VMS,49.7597,-78.1447
Cu_VMS,49.5086,-55.7186
Cu_VMS,54.7656,-101.6175
Cu_VMS,14.7667,121.2000
Cu_VMS,34.7947,33.2686
Cu_VMS,49.2800,-55.6300
Cu_VMS,48.2803,2.9436
Cu_VMS,54.7800,-100.1817
Cu_VMS,49.5622,-125.5769
Cu_VMS,63.6589,26.0425
Cu_VMS,33.3608,-85.8381
Cu_VMS,-41.5978,145.6964
Cu_VMS,48.0956,-77.5836
Cu_VMS,42.0506,-123.5994
Cu_VMS,49.7439,-77.5550
Cu_VMS,64.1422,19.1592
Cu_VMS,49.8806,-56.0958
Cu_VMS,65.0633,18.4775
Cu_VMS,65.0783,18.4728
Cu_VMS,-41.7736,145.5400
Cu_VMS,55.3806,-129.8869
Cu_VMS,49.5631,-56.1811
Cu_VMS,64.9242,20.0928
Cu_VMS,69.7069,21.6000
Cu_VMS,37.7042,-6.5844
Cu_VMS,47.6317,-66.0722
Cu_VMS,54.8592,-99.9136
Cu_VMS,59.3167,5.2500
Cu_VMS,37.6750,-7.3472
Cu_VMS,37.7786,-6.8144
Cu_VMS,62.3833,10.3667
Cu_VMS,65.3667,18.5000
Cu_VMS,60.3425,-147.6567
Cu_VMS,56.4750,-99.6372
Cu_VMS,69.4067,21.0108
Cu_VMS,67.1203,15.9925
Cu_VMS,45.7958,4.6092
Cu_VMS,37.7058,-6.5628
Cu_VMS,37.6678,-7.4903
Cu_VMS,37.5961,-7.1103
Cu_VMS,14.9167,121.1667
Cu_VMS,37.5172,-6.7633
Cu_VMS,37.7742,-6.6778
Cu_VMS,37.8003,-6.9678
Cu_VMS,37.6369,-6.8011
Cu_VMS,54.7192,-101.8253
Cu_VMS,34.9525,33.3733
Cu_VMS,47.7133,-82.6583
Cu_VMS,37.6669,-7.2886
Cu_VMS,38.0531,42.1392
Cu_VMS,69.4525,21.6942
Cu_VMS,64.6333,13.1167
Cu_VMS,35.0953,32.8919
Cu_VMS,45.8047,-71.2861
Cu_VMS,37.5881,-6.8478
Cu_VMS,54.7633,-101.6217
Cu_VMS,48.2850,-78.9400
Cu_VMS,39.1261,-121.2761
Cu_VMS,54.5756,-100.4011
Cu_VMS,54.8561,-99.9422
Cu_VMS,65.0883,14.4578
Cu_VMS,45.7278,-60.4375
Cu_VMS,40.7108,-122.5144
Cu_VMS,46.8025,-81.6972
Cu_VMS,47.3203,-66.1086
Cu_VMS,49.8708,-90.8844
Cu_VMS,11.7603,125.3350
Cu_VMS,48.4475,-124.0322
Cu_VMS,63.0111,-110.7917
Cu_VMS,61.5017,5.0822
Cu_VMS,49.8603,-74.4028
Cu_VMS,41.1939,140.8928
Cu_VMS,35.3639,57.7597
Cu_VMS,35.3750,57.7736
Cu_VMS,44.3767,-68.7494
Cu_VMS,37.5272,139.4711
Cu_VMS,50.0836,-123.1439
Cu_VMS,-28.4092,121.1481
Cu_VMS,47.5044,-66.5544
Cu_VMS,65.0986,14.4022
Cu_VMS,47.3083,-66.1317
Cu_VMS,48.7083,-77.7600
Cu_VMS,35.0303,33.6239
Cu_VMS,51.0064,-94.2131
Cu_VMS,38.4547,140.3531
Cu_VMS,38.4575,140.3533
Cu_VMS,38.4475,140.3631
Cu_VMS,38.4717,140.3439
Cu_VMS,38.4497,140.3831
Cu_VMS,48.5128,-57.2008
Cu_VMS,41.1644,41.1678
Cu_VMS,42.0000,-123.7567
Cu_VMS,62.3000,9.6667
Cu_VMS,51.0708,-92.5958
Cu_VMS,64.9667,19.8833
Cu_VMS,-16.1644,179.9583
Cu_VMS,69.7111,21.5833
Cu_VMS,60.0897,5.9969
Cu_VMS,54.9383,-101.1708
Cu_VMS,48.3597,-79.0814
Cu_VMS,46.5197,-81.3553
Cu_VMS,59.1908,5.3019
Cu_VMS,67.8500,20.0000
Cu_VMS,48.3433,-79.0803
Cu_VMS,47.3958,-66.1289
Cu_VMS,45.7039,-71.3722
Cu_VMS,38.3864,39.6661
Cu_VMS,48.3256,-78.9533
Cu_VMS,54.6414,-101.8367
Cu_VMS,49.5917,-56.0083
Cu_VMS,-20.8472,117.8278
Cu_VMS,54.7019,-101.7192
Cu_VMS,-21.0792,116.9275
Cu_VMS,16.3881,120.6500
Cu_VMS,49.1814,-85.8919
Cu_VMS,-35.0622,149.5703
Cu_VMS,65.6028,-107.9333
Cu_VMS,43.0453,140.7692
Cu_VMS,37.3928,139.4333
Cu_VMS,49.0356,-58.3014
Cu_VMS,38.1500,140.4022
Cu_VMS,38.1500,140.1914
Cu_VMS,63.7525,11.2183
Cu_VMS,56.8292,-101.0250
Cu_VMS,-0.9000,-79.1833
Cu_VMS,35.5833,138.8333
Cu_VMS,40.2569,140.6003
Cu_VMS,33.6611,133.9944
Cu_VMS,33.6342,134.3494
Cu_VMS,33.9053,133.3189
Cu_VMS,33.8236,132.9911
Cu_VMS,33.4892,133.0758
Cu_VMS,33.4650,132.2944
Cu_VMS,33.8547,133.2525
Cu_VMS,34.0289,131.3233
Cu_VMS,33.4325,132.2089
Cu_VMS,33.6344,132.7994
Cu_VMS,34.0311,134.2275
Cu_VMS,36.6292,140.6069
Cu_VMS,33.9097,133.3933
Cu_VMS,33.5372,132.4633
Cu_VMS,33.8022,133.2000
Cu_VMS,33.4283,132.4281
Cu_VMS,34.0211,134.2264
Cu_VMS,33.4778,132.3061
Cu_VMS,32.6167,131.4542
Cu_VMS,34.0153,133.7886
Cu_VMS,34.0272,133.9839
Cu_VMS,33.7997,133.2500
Cu_VMS,33.6328,132.7308
Cu_VMS,33.5681,133.0853
Cu_VMS,33.8256,133.2542
Cu_VMS,33.7850,133.1631
Cu_VMS,33.7950,133.1528
Cu_VMS,33.9700,134.2494
Cu_VMS,33.4906,132.4011
Cu_VMS,33.5139,132.6569
Cu_VMS,33.4717,132.3800
Cu_VMS,33.8319,133.1544
Cu_VMS,37.1250,140.6500
Cu_VMS,33.9039,133.5425
Cu_VMS,32.5864,131.1903
Cu_VMS,44.2233,142.6861
Cu_VMS,33.8014,133.5153
Cu_VMS,33.9333,133.6358
Cu_VMS,33.8228,133.4911
Cu_VMS,33.3761,132.1225
Cu_VMS,33.6864,132.7536
Cu_VMS,34.7778,134.0703
Cu_VMS,32.5722,131.4472
Cu_VMS,33.7069,132.8053
Cu_VMS,35.0819,137.9897
Cu_VMS,34.2361,135.4250
Cu_VMS,37.6011,-120.3169
Cu_VMS,43.0333,140.8917
Cu_VMS,42.4733,141.0417
Cu_VMS,41.2153,140.5681
Cu_VMS,39.3042,140.9417
Cu_VMS,39.2028,140.5944
Cu_VMS,40.2950,140.5653
Cu_VMS,-34.6028,148.7578
Cu_VMS,-41.7303,145.6256
Cu_VMS,-25.3617,118.6217
Cu_VMS,-31.3933,146.7194
Cu_VMS,-31.5333,146.6861
Cu_VMS,-35.0417,149.5864
Cu_VMS,-34.9875,149.5125
Cu_VMS,-28.7792,116.9650
Cu_VMS,-20.3558,146.2144
Cu_VMS,-41.5789,145.7250
Cu_VMS,-20.3961,146.0619
Cu_VMS,-21.2078,119.2375
Cu_VMS,-21.2308,119.2700
Cu_VMS,-21.2000,119.2333
Cu_VMS,33.4936,-85.5517
Cu_VMS,33.8583,-85.0806
Cu_VMS,33.8875,-84.7919
Cu_VMS,36.7086,-80.9317
Cu_VMS,18.3250,-99.8958
Cu_VMS,18.2167,-100.1167
Cu_VMS,19.0750,-100.4000
Cu_VMS,20.3889,-105.0611
Cu_VMS,20.3019,-104.7861
Cu_VMS,-4.9342,-80.3381
Cu_VMS,-11.3625,-77.1403
Cu_VMS,10.5000,-68.9333
Cu_VMS,20.1169,-76.7000
Cu_VMS,22.1033,-79.8300
Cu_VMS,22.2139,-80.0806
Cu_VMS,22.8611,-83.2792
Cu_VMS,22.9083,-83.0514
Cu_VMS,19.3833,-71.0167
Cu_VMS,21.4200,-77.9200
Cu_VMS,22.8100,-83.2800
Cu_VMS,22.0300,-80.1500
Cu_VMS,22.0800,-80.1500
Cu_VMS,22.0667,-80.1167
Cu_VMS,20.0447,-75.9442
Cu_VMS,20.1328,-76.7000
Cu_VMS,22.4700,-84.1300
Cu_VMS,18.8733,-70.2436
Cu_VMS,20.3778,-105.0778
Cu_VMS,20.0444,-105.0667
Cu_VMS,20.3889,-105.0778
Cu_VMS,22.6514,-101.0161
Cu_VMS,-20.5147,-43.5986
Cu_VMS,-13.0831,-48.2378
Cu_VMS,-26.6667,-69.8333
Cu_VMS,7.4000,-76.3200
Cu_VMS,7.7400,-75.5400
Cu_VMS,6.1000,-76.4200
Cu_VMS,5.6700,-75.7300
Cu_VMS,4.5833,-76.6333
Cu_VMS,-0.4167,-78.9167
Cu_VMS,-26.5903,-70.3500
Cu_VMS,-54.8583,-68.4592
Cu_VMS,-12.6981,-76.6225
Cu_VMS,8.3000,-71.9500
Cu_VMS,6.9333,-59.6667
Cu_VMS,6.6667,-58.7500
Cu_VMS,-20.3406,145.7697
Cu_VMS,-20.3642,146.1094
Cu_VMS,-21.2244,119.7550
Cu_VMS,-18.7694,144.7278
Cu_VMS,-18.7861,144.7000
Cu_VMS,-36.9814,147.9083
Cu_VMS,-37.0025,147.8842
Cu_VMS,34.7536,-112.1125
Cu_VMS,67.3753,-110.8456
Cu_VMS,39.3533,-121.2300
Cu_VMS,39.0292,-121.2883
Cu_VMS,37.9608,-120.7494
Cu_VMS,37.7214,-120.4539
Cu_VMS,39.1811,-121.2833
Cu_VMS,45.2292,-116.6703
Cu_VMS,34.9100,-113.9208
Cu_VMS,37.7619,-6.7486
Cu_VMS,37.7486,-6.6553
Cu_VMS,37.6903,-6.3694
Cu_VMS,37.7669,-6.7192
Cu_VMS,37.5914,-7.0925
Cu_VMS,37.6381,-6.7875
Cu_VMS,37.6153,-6.8303
Cu_VMS,37.7883,-6.7897
Cu_VMS,37.7850,-6.8356
Cu_VMS,37.7639,-6.7144
Cu_VMS,37.5011,-6.0933
Cu_VMS,54.7775,-101.8825
Cu_VMS,37.6956,-6.5981
Cu_VMS,37.7778,-6.8578
Cu_VMS,37.6086,-7.3369
Cu_VMS,37.5219,-6.2503
Cu_VMS,37.7347,-6.5647
Cu_VMS,37.5542,-6.8506
Cu_VMS,37.5589,-6.7539
Cu_VMS,37.7267,-6.5550
Cu_VMS,37.7614,-6.6525
Cu_VMS,37.6878,-7.4414
Cu_VMS,37.5842,-7.1131
Cu_VMS,54.5750,-101.4750
Cu_VMS,44.4111,-68.6306
Cu_VMS,62.4833,10.5000
Cu_VMS,62.8225,10.0614
Cu_VMS,63.0236,11.4611
Cu_VMS,63.3658,11.6478
Cu_VMS,64.0000,11.0000
Cu_VMS,61.7108,23.2331
Cu_VMS,64.4081,25.1267
Cu_VMS,62.7222,28.9958
Cu_VMS,62.4342,29.9478
Cu_VMS,62.7611,29.0925
Cu_VMS,-20.3656,146.2019
Cu_VMS,45.1917,-70.9583
Cu_VMS,45.9422,-70.8089
Cu_VMS,37.4389,-78.5556
Cu_VMS,62.9667,12.3667
Cu_VMS,-37.3072,142.8667
Cu_VMS,-20.3714,146.2036
Cu_VMS,37.6733,-7.3231
Cu_VMS,38.2197,-8.4606
Cu_VMS,37.7828,-8.6625
Cu_VMS,37.8839,-8.1778
Cu_VMS,41.2553,41.5975
Cu_VMS,61.4269,-130.1322
Cu_VMS,40.8169,38.6831
Cu_VMS,40.8747,40.1147
Cu_VMS,40.9667,39.0000
Cu_VMS,49.1508,-85.7839
Cu_VMS,49.1558,-85.8075
Cu_VMS,49.1575,-85.8253
Cu_VMS,-41.8547,145.5117
Cu_VMS,49.1694,-85.8594
Cu_VMS,48.3608,-79.1122
Cu_VMS,48.3050,-79.3208
Cu_VMS,9.1606,126.0903
Cu_VMS,-18.1625,177.9167
Cu_VMS,-18.0500,178.4347
Cu_VMS,45.3350,-70.2142
Cu_VMS,65.9161,-108.4375
Cu_VMS,65.9153,-108.4586
Cu_VMS,-20.3369,146.7722
Cu_VMS,-9.8000,123.8833
Cu_VMS,37.4367,-78.5108
Cu_VMS,13.1897,124.1336
Cu_VMS,20.6850,41.3925
Cu_VMS,19.9811,42.0125
Cu_VMS,17.7033,43.9683
Cu_VMS,18.1297,43.8611
Cu_VMS,18.1322,43.8661
Cu_VMS,18.1383,43.8589
Cu_VMS,25.6422,41.4397
Cu_VMS,17.6789,43.6375
Cu_VMS,20.3872,41.4072
Cu_VMS,19.9894,41.9722
Cu_VMS,19.2439,43.6675
Cu_VMS,20.7547,41.3814
Cu_VMS,20.5967,41.3894
Cu_VMS,22.5800,42.5100
Cu_VMS,17.4328,43.5875
Cu_VMS,20.6500,41.3944
Cu_VMS,48.0992,-77.5147
Cu_VMS,48.4408,-79.3508
Cu_VMS,49.7269,-77.7425
Cu_VMS,49.7606,-74.1067
Cu_VMS,49.8172,-78.9553
Cu_VMS,24.2667,34.8500
Cu_VMS,46.1367,-68.4639
Cu_VMS,34.5381,-113.2292
Cu_VMS,34.5697,113.2292
Cu_VMS,60.1244,-152.9650
Cu_VMS,61.0217,-146.2786
Cu_VMS,60.8947,-146.7011
Cu_VMS,67.1472,-155.7567
Cu_VMS,67.0750,-155.0267
Cu_VMS,63.2694,-144.2583
Cu_VMS,63.2503,-144.0861
Cu_VMS,63.2617,-144.0333
Cu_VMS,63.7542,-147.3719
Cu_VMS,61.4583,-130.6083
Cu_VMS,61.8833,-131.4167
Cu_VMS,56.2111,-130.3450
Cu_VMS,54.6286,-102.8275
Cu_VMS,54.6650,-102.0689
Cu_VMS,54.8617,-100.1031
Cu_VMS,64.6361,-136.8167
Cu_VMS,55.4231,-129.8847
Cu_VMS,49.5606,-125.5589
Cu_VMS,48.8825,-123.9064
Cu_VMS,51.5194,-119.8178
Cu_VMS,51.1444,-119.8094
Cu_VMS,51.1492,-119.8125
Cu_VMS,51.6292,-118.4258
Cu_VMS,64.2000,-115.1167
Cu_VMS,55.2892,-132.3867
Cu_VMS,60.8625,-146.5678
Cu_VMS,63.0336,-147.8503
Cu_VMS,60.7667,-146.4167
Cu_VMS,57.7767,-133.4478
Cu_VMS,67.7850,20.0772
Cu_VMS,48.9786,-87.3753
Cu_VMS,48.9778,-87.3592
Cu_VMS,48.1036,-77.4953
Cu_VMS,48.0867,-77.6100
Cu_VMS,56.1222,-103.7011
Cu_VMS,49.8972,-56.0644
Cu_VMS,49.8811,-56.0947
Cu_VMS,49.5394,-55.7906
Cu_VMS,49.4550,-55.4981
Cu_VMS,38.2747,-7.7244
Cu_VMS,64.0467,24.7453
Cu_VMS,65.0867,18.5203
Cu_VMS,65.2056,14.5739
Cu_VMS,64.9072,20.2511
Cu_VMS,64.9386,20.0511
Cu_VMS,64.9353,20.0433
Cu_VMS,65.0431,18.4606
Cu_VMS,65.0461,18.5203
Cu_VMS,65.1225,18.7108
Cu_VMS,65.0986,18.2928
Cu_VMS,48.6250,-56.8967
Cu_VMS,49.7136,-77.7489
Cu_VMS,34.7919,33.2425
Cu_VMS,34.7947,33.2475
Cu_VMS,51.4061,57.6939
Cu_VMS,51.3836,57.5706
Cu_VMS,50.5419,58.9964
Cu_VMS,50.4856,59.1081
Cu_VMS,50.6342,59.4517
Cu_VMS,50.9294,59.4756
Cu_VMS,50.9164,59.5367
Cu_VMS,50.9828,59.9233
Cu_VMS,51.1653,60.2639
Cu_VMS,51.2711,59.5189
Cu_VMS,51.4628,58.4881
Cu_VMS,51.9556,58.1636
Cu_VMS,51.9958,58.3047
Cu_VMS,52.0450,58.4467
Cu_VMS,52.1661,58.1281
Cu_VMS,52.4361,58.1844
Cu_VMS,52.3628,58.3631
Cu_VMS,52.4197,58.3131
Cu_VMS,52.8822,58.2244
Cu_VMS,52.6950,58.6392
Cu_VMS,52.8833,58.2417
Cu_VMS,52.0667,59.8500
Cu_VMS,53.5158,59.3725
Cu_VMS,54.0983,59.4047
Cu_VMS,54.0850,59.4214
Cu_VMS,54.1328,59.3378
Cu_VMS,54.1378,59.3708
Cu_VMS,54.2017,59.3492
Cu_VMS,54.3064,59.4250
Cu_VMS,55.4894,60.2039
Cu_VMS,56.0000,60.2903
Cu_VMS,55.8333,61.8667
Cu_VMS,55.6306,61.7100
Cu_VMS,56.7111,60.0917
Cu_VMS,57.5833,59.9167
Cu_VMS,58.3694,60.0567
Cu_VMS,58.6292,60.2006
Cu_VMS,57.3833,61.5333
Cu_VMS,59.8242,59.6178
Cu_VMS,60.5608,59.9456
Cu_VMS,60.7511,59.8031
Cu_VMS,51.2800,82.3175
Cu_VMS,51.8247,81.6728
Cu_VMS,51.1761,82.1189
Cu_VMS,54.2397,85.7844
Cu_VMS,54.4486,85.4025
Cu_VMS,51.4531,57.6656
Cu_VMS,52.0178,95.5856
Cu_VMS,50.5328,81.8758
Cu_VMS,50.2678,82.2400
Cu_VMS,50.1286,82.5006
Cu_VMS,50.6767,82.9786
Cu_VMS,50.3642,83.5675
Cu_VMS,50.6439,83.6178
Cu_VMS,50.3333,83.6000
Cu_VMS,49.7428,84.3008
Cu_VMS,41.4250,44.5014
Cu_VMS,41.3617,44.4917
Cu_VMS,38.5514,67.6011
Cu_VMS,54.3792,85.8097
Cu_VMS,50.6147,59.0308
Cu_VMS,55.4394,60.2067
Cu_VMS,52.5053,58.3272
Cu_VMS,52.0222,58.2550
Cu_VMS,51.3047,58.8711
Cu_VMS,54.1483,59.3678
Cu_VMS,52.4378,58.2217
Cu_VMS,52.3200,58.2186
Cu_VMS,50.1494,82.3731
Cu_VMS,49.8897,84.2931
Cu_VMS,50.9289,81.3583
Cu_VMS,49.8775,84.2633
Cu_VMS,50.3547,83.5419
Cu_VMS,50.6844,81.8742
Cu_VMS,50.2764,83.3656
Cu_VMS,50.4100,81.3567
Cu_VMS,50.9906,81.4353
Cu_VMS,51.1525,82.1842
Cu_VMS,50.6008,81.7839
Cu_VMS,50.3647,82.4250
Cu_VMS,48.4389,85.5089
Cu_VMS,50.8661,81.5692
Cu_VMS,50.6756,82.9958
Cu_VMS,50.6000,82.8100
Cu_VMS,50.4194,83.8183
Cu_VMS,49.4333,84.1500
Cu_VMS,50.3856,83.6844
Cu_VMS,50.5292,83.6653
Cu_VMS,50.3167,83.2500
Cu_VMS,49.7250,84.3139
Cu_VMS,41.4200,44.5533
Cu_VMS,41.4233,44.6181
Cu_VMS,66.4472,141.1442
Cu_VMS,44.2458,145.8908
Cu_VMS,49.1617,58.6078
Cu_VMS,49.8100,58.7800
Cu_VMS,49.3306,76.2394
Cu_VMS,48.6067,77.7883
Cu_VMS,48.5994,77.7867
Cu_VMS,52.5606,59.6244
Cu_VMS,52.4500,57.9167
Cu_VMS,54.1878,59.2847
Cu_VMS,52.0217,95.6044
Cu_VMS,31.1833,99.5333
Cu_VMS,31.5667,99.3000
Cu_VMS,24.2333,99.9000
Cu_VMS,47.3528,89.1983
Cu_VMS,28.6000,101.8000
Cu_VMS,35.3333,105.9500
Cu_VMS,37.3700,101.0917
Cu_VMS,37.5222,101.9486
Cu_VMS,36.7833,103.7000
Cu_VMS,36.6500,104.2167
Cu_VMS,36.6167,104.1333
Cu_VMS,36.6000,104.2000
Cu_VMS,38.1942,100.2361
Cu_VMS,38.8075,99.5111
Cu_VMS,35.4333,99.6833
Cu_VMS,34.9833,106.4000
Cu_VMS,39.3317,97.9450
Cu_VMS,34.3717,100.4433
Cu_VMS,33.1783,106.2600
Cu_VMS,24.0500,101.6500
Cu_VMS,26.1000,101.9000
Cu_VMS,42.0303,124.5200
Cu_VMS,48.3303,86.0483
Cu_VMS,29.9100,120.5128
Cu_VMS,42.2806,89.5225
Cu_VMS,42.3500,113.4333
Cu_VMS,34.4103,110.3167
Cu_VMS,31.2500,99.5667
Cu_VMS,45.8942,4.6119
Cu_VMS,18.5744,-99.7006
Cu_VMS,31.8842,-8.1883
Cu_VMS,31.3644,-8.0558
Cu_VMS,65.2261,18.8950
Cu_VMS,63.8425,-147.2664
Cu_VMS,43.8806,-72.3575
Au_sed,24.8239,105.6331
Au_sed,24.9850,105.7250
Au_sed,26.2239,107.7989
Au_sed,34.0750,102.1664
Au_sed,32.7664,103.5561
Au_sed,24.2050,105.6847
Au_sed,23.5981,105.6092
Au_sed,25.2694,105.2658
Au_sed,22.6239,109.1844
Au_sed,23.7675,105.9950
Au_sed,25.1497,105.8747
Au_sed,33.3339,109.4956
Au_sed,24.5658,106.9097
Au_sed,34.2147,102.6967
Au_sed,24.8483,106.2711
Au_sed,33.0250,104.3706
Au_sed,33.6550,104.0639
Au_sed,24.4103,106.8522
Au_sed,25.3786,104.9347
Au_sed,32.7278,103.6828
Au_sed,34.2111,102.7256
Au_sed,25.5169,105.6169
Au_sed,33.0750,104.4836
Au_sed,25.4925,105.4831
Au_sed,25.9175,105.0203
Au_sed,32.7861,104.0200
Au_sed,24.4286,104.8256
Au_sed,24.9208,105.6583
Au_sed,32.2850,104.2583
Au_sed,34.5400,104.2078
Au_sed,29.9158,114.8808
Au_sed,32.8789,103.3003
Au_sed,25.5881,105.3742
Au_sed,0.8872,124.6664
Au_sed,36.7206,47.1397
Au_sed,1.4147,110.1508
Au_sed,39.7567,-116.2678
Au_sed,41.4003,-115.9886
Au_sed,39.7572,-115.5208
Au_sed,39.5261,-115.9847
Au_sed,40.5947,-112.1328
Au_sed,40.5864,-112.1408
Au_sed,40.0986,-115.6803
Au_sed,40.9817,-116.3783
Au_sed,42.0797,-113.0425
Au_sed,40.9525,-116.3625
Au_sed,41.0131,-116.4150
Au_sed,41.3428,-116.0003
Au_sed,39.7969,-116.3181
Au_sed,41.3728,-115.9550
Au_sed,40.9119,-116.3150
Au_sed,39.9683,-115.5158
Au_sed,39.8986,-116.2947
Au_sed,40.1939,-116.6178
Au_sed,40.1697,-116.6086
Au_sed,41.0361,-116.4272
Au_sed,40.9594,-116.3611
Au_sed,39.5269,-113.0078
Au_sed,39.1808,-115.6714
Au_sed,40.6181,-115.9733
Au_sed,40.9094,-116.2956
Au_sed,39.9342,-115.4831
Au_sed,41.4094,-116.0056
Au_sed,41.2117,-117.2547
Au_sed,40.6067,-116.0136
Au_sed,40.2561,-116.7458
Au_sed,39.7481,-116.4364
Au_sed,39.8031,-116.3647
Au_sed,39.7969,-116.3428
Au_sed,38.8219,-115.3689
Au_sed,40.7867,-116.2144
Au_sed,39.8875,-115.0481
Au_sed,39.8103,-116.3442
Au_sed,37.3875,-113.8775
Au_sed,39.1403,-115.5528
Au_sed,39.0619,-115.3997
Au_sed,40.1628,-116.5597
Au_sed,39.4606,-115.4500
Au_sed,39.0394,-113.8233
Au_sed,40.9256,-117.5033
Au_sed,40.9328,-116.3272
Au_sed,40.9733,-114.5311
Au_sed,39.4125,-116.0003
Au_sed,40.7900,-116.2300
Au_sed,41.4064,-115.9858
Au_sed,41.0028,-116.3825
Au_sed,40.5867,-112.1594
Au_sed,40.3131,-112.2064
Au_sed,40.8100,-116.2472
Au_sed,41.3444,-116.0344
Au_sed,41.3931,-116.0011
Au_sed,40.9239,-116.3542
Au_sed,38.9572,-116.8481
Au_sed,39.3003,-115.7344
Au_sed,40.8997,-116.2947
Au_sed,41.2503,-115.9494
Au_sed,40.4628,-116.0042
Au_sed,41.1353,-117.2569
Au_sed,40.2467,-116.7103
Au_sed,40.3497,-115.9800
Au_sed,40.9939,-117.3922
Au_sed,40.6139,-116.0111
Au_sed,40.1461,-116.5367
Au_sed,41.0261,-116.3853
Au_sed,41.3636,-115.9325
Au_sed,40.6033,-116.0106
Au_sed,41.0297,-116.4225
Au_sed,40.9203,-116.3592
Au_sed,41.3592,-115.9881
Au_sed,41.2614,-116.0217
Au_sed,41.0425,-116.4267
Au_sed,39.9078,-116.4311
Au_sed,40.9400,-116.3294
Au_sed,40.8031,-116.2361
Au_sed,41.2458,-117.1714
Au_sed,41.2522,-116.0139
Au_sed,40.9761,-114.5986
Au_sed,40.0003,-115.4944
Au_sed,39.4442,-115.9758
Au_sed,39.9458,-115.4494
Au_sed,41.4172,-115.9808
Au_sed,41.3933,-116.0492
Au_sed,39.6781,-115.5275
ZnPb_SEDEX,34.4878,4.0261
ZnPb_SEDEX,36.2100,4.8900
ZnPb_SEDEX,34.5250,4.0439
ZnPb_SEDEX,35.8714,7.8342
ZnPb_SEDEX,-23.2036,-65.7169
ZnPb_SEDEX,-23.1294,-65.7161
ZnPb_SEDEX,-30.7361,-68.9578
ZnPb_SEDEX,-31.4050,-67.3278
ZnPb_SEDEX,-24.6444,118.5861
ZnPb_SEDEX,-19.2269,122.2800
ZnPb_SEDEX,-25.8064,151.9631
ZnPb_SEDEX,-18.3200,125.7781
ZnPb_SEDEX,-31.9667,141.4667
ZnPb_SEDEX,-13.4200,134.4100
ZnPb_SEDEX,-18.7186,125.9644
ZnPb_SEDEX,-21.8692,140.9231
ZnPb_SEDEX,-18.7250,138.6050
ZnPb_SEDEX,-17.1658,144.5383
ZnPb_SEDEX,-41.8933,145.2850
ZnPb_SEDEX,-16.5386,136.1497
ZnPb_SEDEX,-20.2478,140.1633
ZnPb_SEDEX,-31.1614,145.6567
ZnPb_SEDEX,-18.1392,125.7767
ZnPb_SEDEX,-19.1075,138.6850
ZnPb_SEDEX,-20.5681,139.4756
ZnPb_SEDEX,-13.5136,131.5444
ZnPb_SEDEX,-18.8167,138.8333
ZnPb_SEDEX,-16.9342,144.2636
ZnPb_SEDEX,-19.7714,139.0453
ZnPb_SEDEX,-32.0203,149.5406
ZnPb_SEDEX,-21.5800,140.9200
ZnPb_SEDEX,-16.4328,136.9958
ZnPb_SEDEX,-32.6494,136.4169
ZnPb_SEDEX,-13.5444,131.5503
ZnPb_SEDEX,-17.6847,145.1111
ZnPb_SEDEX,-20.7167,139.4756
ZnPb_SEDEX,-17.3500,144.5667
ZnPb_SEDEX,-17.1033,144.3817
ZnPb_SEDEX,-17.2606,124.7281
ZnPb_SEDEX,-21.8511,140.6886
ZnPb_SEDEX,-32.0519,141.3292
ZnPb_SEDEX,-15.4428,128.9589
ZnPb_SEDEX,-21.5000,141.0000
ZnPb_SEDEX,-18.6283,125.8586
ZnPb_SEDEX,-17.1719,124.6397
ZnPb_SEDEX,-12.9794,131.1111
ZnPb_SEDEX,46.6250,13.6517
ZnPb_SEDEX,47.3606,11.4489
ZnPb_SEDEX,41.7172,46.4142
ZnPb_SEDEX,41.7464,46.3686
ZnPb_SEDEX,41.6461,46.5439
ZnPb_SEDEX,50.7106,6.0086
ZnPb_SEDEX,44.1522,18.3681
ZnPb_SEDEX,-17.1044,-46.7639
ZnPb_SEDEX,-12.8111,-42.7325
ZnPb_SEDEX,-9.9081,-41.5372
ZnPb_SEDEX,-24.8336,-48.8319
ZnPb_SEDEX,-16.9661,-46.9306
ZnPb_SEDEX,-15.4889,-44.3886
ZnPb_SEDEX,-17.5039,-46.8208
ZnPb_SEDEX,-12.7967,-41.1069
ZnPb_SEDEX,-24.6883,-48.8708
ZnPb_SEDEX,-24.9283,-49.0483
ZnPb_SEDEX,-11.3250,-41.8033
ZnPb_SEDEX,-17.9236,-46.7842
ZnPb_SEDEX,41.4886,24.9242
ZnPb_SEDEX,43.1436,23.4758
ZnPb_SEDEX,57.3769,-124.8414
ZnPb_SEDEX,57.9600,-125.7900
ZnPb_SEDEX,64.0433,-129.4200
ZnPb_SEDEX,52.0547,-118.2250
ZnPb_SEDEX,76.6550,-94.1592
ZnPb_SEDEX,50.4675,-118.0544
ZnPb_SEDEX,64.4000,-134.6667
ZnPb_SEDEX,49.7625,-116.8608
ZnPb_SEDEX,57.6611,-69.4450
ZnPb_SEDEX,45.4178,-76.7047
ZnPb_SEDEX,50.6444,-127.6031
ZnPb_SEDEX,57.5097,-125.1600
ZnPb_SEDEX,62.7844,-135.1433
ZnPb_SEDEX,50.7306,-118.7378
ZnPb_SEDEX,59.3200,-129.8714
ZnPb_SEDEX,51.4472,-118.8233
ZnPb_SEDEX,64.1558,-133.3561
ZnPb_SEDEX,58.0667,-125.9081
ZnPb_SEDEX,50.3639,-116.9514
ZnPb_SEDEX,62.2608,-133.2169
ZnPb_SEDEX,75.5694,-96.1939
ZnPb_SEDEX,66.9669,-113.3236
ZnPb_SEDEX,62.3567,-133.3669
ZnPb_SEDEX,64.9333,-130.6833
ZnPb_SEDEX,45.0286,-63.3389
ZnPb_SEDEX,57.4750,-103.7539
ZnPb_SEDEX,64.4286,-132.5464
ZnPb_SEDEX,49.1522,-117.1986
ZnPb_SEDEX,62.5644,-129.5272
ZnPb_SEDEX,63.1486,-130.2647
ZnPb_SEDEX,49.1031,-117.2319
ZnPb_SEDEX,45.9819,-60.9631
ZnPb_SEDEX,49.7278,-115.5872
ZnPb_SEDEX,46.1169,-75.9556
ZnPb_SEDEX,49.2067,-116.5744
ZnPb_SEDEX,44.6864,-76.7622
ZnPb_SEDEX,55.5658,-125.4144
ZnPb_SEDEX,61.4756,-129.4039
ZnPb_SEDEX,59.2706,-129.3767
ZnPb_SEDEX,60.4906,-127.9428
ZnPb_SEDEX,47.0111,-60.5881
ZnPb_SEDEX,60.3553,-127.3986
ZnPb_SEDEX,59.9272,-130.3422
ZnPb_SEDEX,50.3406,-116.4250
ZnPb_SEDEX,51.4239,-116.4472
ZnPb_SEDEX,51.0472,-119.5067
ZnPb_SEDEX,57.6647,-125.4008
ZnPb_SEDEX,60.5178,-128.8775
ZnPb_SEDEX,73.0617,-84.5083
ZnPb_SEDEX,45.7006,-76.6778
ZnPb_SEDEX,50.2819,-57.4711
ZnPb_SEDEX,50.4717,-116.3017
ZnPb_SEDEX,49.7261,-117.4156
ZnPb_SEDEX,60.8322,-114.4489
ZnPb_SEDEX,75.3878,-96.9311
ZnPb_SEDEX,61.5556,-124.7969
ZnPb_SEDEX,49.0303,-117.3442
ZnPb_SEDEX,51.8750,-118.5736
ZnPb_SEDEX,60.5478,-128.8789
ZnPb_SEDEX,51.1250,-118.4122
ZnPb_SEDEX,56.9300,-123.7131
ZnPb_SEDEX,51.7764,-118.9011
ZnPb_SEDEX,44.8744,-78.5047
ZnPb_SEDEX,45.2725,-63.0767
ZnPb_SEDEX,49.7083,-116.0056
ZnPb_SEDEX,62.2075,-133.0347
ZnPb_SEDEX,63.1647,-130.1444
ZnPb_SEDEX,45.6800,-72.6700
ZnPb_SEDEX,62.3000,-128.1667
ZnPb_SEDEX,45.2056,-64.0417
ZnPb_SEDEX,50.8800,-117.9678
ZnPb_SEDEX,50.3628,-126.9119
ZnPb_SEDEX,45.8572,-60.4108
ZnPb_SEDEX,-47.4242,-72.4750
ZnPb_SEDEX,-45.0339,-71.9264
ZnPb_SEDEX,-28.0661,-70.4722
ZnPb_SEDEX,-46.5700,-72.5492
ZnPb_SEDEX,33.5900,106.8800
ZnPb_SEDEX,44.4492,118.8878
ZnPb_SEDEX,40.5861,120.0986
ZnPb_SEDEX,25.4086,108.9811
ZnPb_SEDEX,25.1925,108.1433
ZnPb_SEDEX,33.8606,105.6811
ZnPb_SEDEX,33.9794,105.6911
ZnPb_SEDEX,24.5542,113.7222
ZnPb_SEDEX,26.6317,102.8697
ZnPb_SEDEX,33.8458,105.3603
ZnPb_SEDEX,28.1931,110.4614
ZnPb_SEDEX,41.1100,107.0733
ZnPb_SEDEX,25.0961,113.6014
ZnPb_SEDEX,23.0494,111.1933
ZnPb_SEDEX,40.7808,118.2322
ZnPb_SEDEX,42.6458,124.2878
ZnPb_SEDEX,40.8481,118.2331
ZnPb_SEDEX,44.6375,119.2631
ZnPb_SEDEX,25.3000,111.7200
ZnPb_SEDEX,25.7336,112.6997
ZnPb_SEDEX,41.2978,125.3653
ZnPb_SEDEX,28.5325,109.3750
ZnPb_SEDEX,41.2956,106.7789
ZnPb_SEDEX,41.2200,109.3339
ZnPb_SEDEX,26.4269,99.4072
ZnPb_SEDEX,26.6339,103.7003
ZnPb_SEDEX,24.8181,107.5836
ZnPb_SEDEX,34.3222,105.0706
ZnPb_SEDEX,27.3519,102.9842
ZnPb_SEDEX,26.2358,107.6653
ZnPb_SEDEX,33.5900,110.7944
ZnPb_SEDEX,26.6431,103.7233
ZnPb_SEDEX,40.7339,123.6169
ZnPb_SEDEX,32.1583,118.9653
ZnPb_SEDEX,26.5489,112.5836
ZnPb_SEDEX,24.8783,109.5006
ZnPb_SEDEX,40.9522,106.8053
ZnPb_SEDEX,42.9172,128.9883
ZnPb_SEDEX,26.9625,102.1608
ZnPb_SEDEX,33.4447,109.9381
ZnPb_SEDEX,41.8842,91.7319
ZnPb_SEDEX,33.0983,109.1492
ZnPb_SEDEX,37.5997,111.9825
ZnPb_SEDEX,33.5433,108.9311
ZnPb_SEDEX,33.7514,106.8497
ZnPb_SEDEX,-4.3753,14.1569
ZnPb_SEDEX,-4.3700,13.8492
ZnPb_SEDEX,22.6356,-83.9769
ZnPb_SEDEX,22.5911,-83.9419
ZnPb_SEDEX,22.5706,-83.9492
ZnPb_SEDEX,22.6428,-83.9558
ZnPb_SEDEX,-11.7611,27.2456
ZnPb_SEDEX,25.7203,34.5306
ZnPb_SEDEX,64.0589,24.7908
ZnPb_SEDEX,42.9561,0.2142
ZnPb_SEDEX,42.7503,1.3006
ZnPb_SEDEX,43.9242,3.6228
ZnPb_SEDEX,44.0778,3.3889
ZnPb_SEDEX,44.1100,3.4658
ZnPb_SEDEX,44.5406,4.2919
ZnPb_SEDEX,-1.4792,10.2403
ZnPb_SEDEX,50.7458,6.4447
ZnPb_SEDEX,50.5728,6.6117
ZnPb_SEDEX,51.1292,8.0778
ZnPb_SEDEX,49.6094,11.9347
ZnPb_SEDEX,51.8906,10.4194
ZnPb_SEDEX,40.5197,23.7961
ZnPb_SEDEX,37.7036,24.0592
ZnPb_SEDEX,40.6008,23.7492
ZnPb_SEDEX,71.1261,-51.2781
ZnPb_SEDEX,83.0786,-28.4150
ZnPb_SEDEX,71.0961,-51.2339
ZnPb_SEDEX,14.8617,-88.0750
ZnPb_SEDEX,29.7619,80.3125
ZnPb_SEDEX,25.8183,75.2669
ZnPb_SEDEX,26.9750,88.6514
ZnPb_SEDEX,25.3978,74.6178
ZnPb_SEDEX,25.8039,75.2436
ZnPb_SEDEX,26.5272,74.6864
ZnPb_SEDEX,26.5894,74.6864
ZnPb_SEDEX,20.7886,79.5119
ZnPb_SEDEX,26.5003,74.6681
ZnPb_SEDEX,12.0147,78.9514
ZnPb_SEDEX,24.9503,74.1339
ZnPb_SEDEX,25.8322,74.7386
ZnPb_SEDEX,27.1803,88.5331
ZnPb_SEDEX,25.0992,74.3542
ZnPb_SEDEX,27.6158,75.5247
ZnPb_SEDEX,22.0519,83.9206
ZnPb_SEDEX,25.7522,75.2192
ZnPb_SEDEX,25.3200,74.5347
ZnPb_SEDEX,24.3636,73.7161
ZnPb_SEDEX,-2.7056,108.0736
ZnPb_SEDEX,2.5069,98.2278
ZnPb_SEDEX,34.0894,49.2447
ZnPb_SEDEX,36.6247,47.4053
ZnPb_SEDEX,32.7306,51.1489
ZnPb_SEDEX,33.8508,49.6081
ZnPb_SEDEX,32.4556,51.5633
ZnPb_SEDEX,28.0825,52.0939
ZnPb_SEDEX,31.7525,55.7636
ZnPb_SEDEX,33.7375,49.8928
ZnPb_SEDEX,31.0331,55.2806
ZnPb_SEDEX,34.6500,57.1333
ZnPb_SEDEX,54.2144,-8.5267
ZnPb_SEDEX,53.6178,-7.4694
ZnPb_SEDEX,53.2261,-6.9267
ZnPb_SEDEX,52.5211,-8.3383
ZnPb_SEDEX,52.6400,-8.9806
ZnPb_SEDEX,52.7847,-7.5861
ZnPb_SEDEX,52.5222,-8.1869
ZnPb_SEDEX,53.2839,-6.8639
ZnPb_SEDEX,53.6489,-7.7356
ZnPb_SEDEX,52.7592,-7.7114
ZnPb_SEDEX,53.4444,-7.6994
ZnPb_SEDEX,53.6544,-6.7153
ZnPb_SEDEX,53.7564,-7.0978
ZnPb_SEDEX,53.1911,-6.8197
ZnPb_SEDEX,52.7897,-8.2544
ZnPb_SEDEX,53.6844,-6.7369
ZnPb_SEDEX,53.1650,-8.3764
ZnPb_SEDEX,43.0969,10.6011
ZnPb_SEDEX,39.8775,9.1717
ZnPb_SEDEX,45.8636,9.8425
ZnPb_SEDEX,39.3172,8.5031
ZnPb_SEDEX,39.3892,8.5600
ZnPb_SEDEX,46.4411,13.5714
ZnPb_SEDEX,46.5669,12.5833
ZnPb_SEDEX,38.9614,8.7894
ZnPb_SEDEX,39.4236,8.5011
ZnPb_SEDEX,46.4383,11.0533
ZnPb_SEDEX,35.9844,138.9264
ZnPb_SEDEX,32.8775,131.5022
ZnPb_SEDEX,36.3278,137.3189
ZnPb_SEDEX,37.0733,139.5531
ZnPb_SEDEX,37.0144,139.5150
ZnPb_SEDEX,35.8778,136.5714
ZnPb_SEDEX,36.9872,139.5711
ZnPb_SEDEX,38.7356,140.5194
ZnPb_SEDEX,36.0267,136.9867
ZnPb_SEDEX,34.6456,131.8975
ZnPb_SEDEX,43.5286,68.8944
ZnPb_SEDEX,43.1619,69.9250
ZnPb_SEDEX,48.2181,72.0972
ZnPb_SEDEX,43.8225,67.4939
ZnPb_SEDEX,48.4628,73.2119
ZnPb_SEDEX,49.3692,75.7086
ZnPb_SEDEX,43.5078,68.4619
ZnPb_SEDEX,52.0156,62.3450
ZnPb_SEDEX,43.9608,67.3744
ZnPb_SEDEX,43.6647,67.6114
ZnPb_SEDEX,44.8108,78.8619
ZnPb_SEDEX,48.4314,70.2647
ZnPb_SEDEX,48.3744,70.3208
ZnPb_SEDEX,48.2764,70.2294
ZnPb_SEDEX,41.2925,71.3300
ZnPb_SEDEX,42.0617,22.5367
ZnPb_SEDEX,42.1694,22.4906
ZnPb_SEDEX,31.2344,-107.5856
ZnPb_SEDEX,30.9847,-110.3517
ZnPb_SEDEX,23.6894,-100.8800
ZnPb_SEDEX,22.2219,-100.8031
ZnPb_SEDEX,23.3803,-103.7578
ZnPb_SEDEX,23.1406,-101.1503
ZnPb_SEDEX,28.3658,-102.5778
ZnPb_SEDEX,20.8425,-99.4908
ZnPb_SEDEX,26.9472,-108.1725
ZnPb_SEDEX,25.7931,-103.7911
ZnPb_SEDEX,27.8508,-105.4889
ZnPb_SEDEX,24.4008,-106.6003
ZnPb_SEDEX,29.0797,-105.2436
ZnPb_SEDEX,20.7719,-101.1919
ZnPb_SEDEX,24.6933,-101.4650
ZnPb_SEDEX,22.4142,-101.9125
ZnPb_SEDEX,28.6078,-105.8756
ZnPb_SEDEX,27.2733,-103.6897
ZnPb_SEDEX,23.6308,-103.6239
ZnPb_SEDEX,18.5336,-99.5961
ZnPb_SEDEX,25.0342,-103.7153
ZnPb_SEDEX,20.7383,-99.4003
ZnPb_SEDEX,42.1333,104.9167
ZnPb_SEDEX,46.7822,113.3264
ZnPb_SEDEX,45.2167,106.9167
ZnPb_SEDEX,49.0842,114.0922
ZnPb_SEDEX,32.7164,-5.1039
ZnPb_SEDEX,32.6500,-4.0686
ZnPb_SEDEX,32.7664,-4.6325
ZnPb_SEDEX,34.4728,-1.7278
ZnPb_SEDEX,32.8236,-4.9375
ZnPb_SEDEX,-19.5161,18.2675
ZnPb_SEDEX,-19.4750,17.9167
ZnPb_SEDEX,-19.6008,17.7792
ZnPb_SEDEX,-19.4811,17.8319
ZnPb_SEDEX,-19.4261,18.0219
ZnPb_SEDEX,-19.7100,17.7058
ZnPb_SEDEX,-27.9506,16.7644
ZnPb_SEDEX,-27.8203,16.6089
ZnPb_SEDEX,-18.7806,13.4078
ZnPb_SEDEX,-19.2394,17.7161
ZnPb_SEDEX,28.3919,85.1203
ZnPb_SEDEX,-35.1644,174.3392
ZnPb_SEDEX,40.3819,128.8300
ZnPb_SEDEX,65.9086,13.8072
ZnPb_SEDEX,61.1283,11.3694
ZnPb_SEDEX,65.8283,12.6503
ZnPb_SEDEX,59.7350,10.1250
ZnPb_SEDEX,66.2836,14.2011
ZnPb_SEDEX,60.2578,10.6156
ZnPb_SEDEX,61.3036,11.7781
ZnPb_SEDEX,68.3658,16.7056
ZnPb_SEDEX,60.8800,10.3858
ZnPb_SEDEX,26.2233,66.8364
ZnPb_SEDEX,27.7447,66.5347
ZnPb_SEDEX,34.9133,72.9131
ZnPb_SEDEX,27.8525,66.4317
ZnPb_SEDEX,-9.5417,-77.0514
ZnPb_SEDEX,-10.5781,-76.1919
ZnPb_SEDEX,-12.3825,-75.3161
ZnPb_SEDEX,-10.6775,-76.2611
ZnPb_SEDEX,-10.7522,-76.2717
ZnPb_SEDEX,-5.8911,-78.0592
ZnPb_SEDEX,-6.7533,-78.5858
ZnPb_SEDEX,-9.8642,-77.0006
ZnPb_SEDEX,-10.7936,-76.7300
ZnPb_SEDEX,-10.7906,-76.2711
ZnPb_SEDEX,-11.2347,-75.3850
ZnPb_SEDEX,-11.2333,-76.5333
ZnPb_SEDEX,-10.3936,-76.7539
ZnPb_SEDEX,-12.3936,-75.7539
ZnPb_SEDEX,16.3697,120.6036
ZnPb_SEDEX,50.2833,19.5333
ZnPb_SEDEX,46.0319,22.8739
ZnPb_SEDEX,45.2844,21.7569
ZnPb_SEDEX,51.0650,117.7739
ZnPb_SEDEX,51.2722,119.5544
ZnPb_SEDEX,44.5528,135.5978
ZnPb_SEDEX,58.1306,93.5028
ZnPb_SEDEX,51.2325,119.5522
ZnPb_SEDEX,56.2578,109.9186
ZnPb_SEDEX,50.4347,117.9894
ZnPb_SEDEX,58.5292,93.2458
ZnPb_SEDEX,72.8600,53.5739
ZnPb_SEDEX,58.3867,93.3353
ZnPb_SEDEX,60.2022,136.6672
ZnPb_SEDEX,63.6656,148.6992
ZnPb_SEDEX,25.5031,37.0311
ZnPb_SEDEX,42.5264,22.2406
ZnPb_SEDEX,43.2425,20.8233
ZnPb_SEDEX,44.1325,20.4956
ZnPb_SEDEX,42.9344,20.9211
ZnPb_SEDEX,44.2708,19.3406
ZnPb_SEDEX,46.5144,14.8522
ZnPb_SEDEX,46.4767,14.7781
ZnPb_SEDEX,-29.2147,18.7894
ZnPb_SEDEX,-29.2325,18.7303
ZnPb_SEDEX,-29.2572,18.8019
ZnPb_SEDEX,-28.4742,23.5969
ZnPb_SEDEX,-29.2519,18.9811
ZnPb_SEDEX,-27.4306,24.2697
ZnPb_SEDEX,-29.3236,19.6906
ZnPb_SEDEX,37.1689,128.6686
ZnPb_SEDEX,36.8575,129.0639
ZnPb_SEDEX,37.1947,128.6692
ZnPb_SEDEX,37.0794,129.2825
ZnPb_SEDEX,37.0839,129.0214
ZnPb_SEDEX,37.1008,129.1569
ZnPb_SEDEX,42.5161,-6.6003
ZnPb_SEDEX,43.2839,-1.8050
ZnPb_SEDEX,43.1681,-4.7867
ZnPb_SEDEX,43.3450,-4.0847
ZnPb_SEDEX,43.0417,-2.2897
ZnPb_SEDEX,17.7925,36.1786
ZnPb_SEDEX,64.4025,15.9272
ZnPb_SEDEX,61.9503,12.3336
ZnPb_SEDEX,66.1497,17.1639
ZnPb_SEDEX,64.4872,15.9933
ZnPb_SEDEX,66.1867,17.2483
ZnPb_SEDEX,62.0222,12.3881
ZnPb_SEDEX,61.9486,12.5581
ZnPb_SEDEX,58.8128,15.1097
ZnPb_SEDEX,40.6297,69.5967
ZnPb_SEDEX,16.6614,98.6619
ZnPb_SEDEX,36.1100,8.9400
ZnPb_SEDEX,35.7800,8.2800
ZnPb_SEDEX,36.4628,9.0861
ZnPb_SEDEX,36.3789,9.1042
ZnPb_SEDEX,37.0533,9.1083
ZnPb_SEDEX,39.6631,35.8839
ZnPb_SEDEX,39.7531,27.5906
ZnPb_SEDEX,37.4211,34.8428
ZnPb_SEDEX,39.5900,28.4817
ZnPb_SEDEX,39.6647,33.6153
ZnPb_SEDEX,38.1658,35.5272
ZnPb_SEDEX,56.6653,-3.9364
ZnPb_SEDEX,56.6853,-3.8719
ZnPb_SEDEX,40.5333,-111.6167
ZnPb_SEDEX,68.1639,-162.9233
ZnPb_SEDEX,37.0697,-113.8039
ZnPb_SEDEX,32.9678,-110.3239
ZnPb_SEDEX,39.1783,-106.8242
ZnPb_SEDEX,36.8469,-80.9203
ZnPb_SEDEX,44.2519,-75.3997
ZnPb_SEDEX,31.4319,-109.8989
ZnPb_SEDEX,32.8031,-108.0983
ZnPb_SEDEX,38.0769,-114.6175
ZnPb_SEDEX,36.7647,-85.3519
ZnPb_SEDEX,32.8094,-108.0839
ZnPb_SEDEX,38.2500,-92.8167
ZnPb_SEDEX,36.1953,-85.9333
ZnPb_SEDEX,36.5400,-117.7933
ZnPb_SEDEX,36.2839,-117.5942
ZnPb_SEDEX,68.5667,-158.6833
ZnPb_SEDEX,44.3308,-75.2544
ZnPb_SEDEX,36.1672,-82.4753
ZnPb_SEDEX,39.5056,-115.9856
ZnPb_SEDEX,36.7239,-85.9406
ZnPb_SEDEX,41.1297,-74.6033
ZnPb_SEDEX,40.5544,-75.4050
ZnPb_SEDEX,39.5275,-106.3972
ZnPb_SEDEX,35.8422,-115.4761
ZnPb_SEDEX,32.7689,-108.1050
ZnPb_SEDEX,37.6083,-90.1461
ZnPb_SEDEX,44.2994,-75.3292
ZnPb_SEDEX,36.3631,-83.4164
ZnPb_SEDEX,37.4975,-88.1694
ZnPb_SEDEX,38.0992,-90.8567
ZnPb_SEDEX,40.5400,-112.1400
ZnPb_SEDEX,39.2267,-106.2267
ZnPb_SEDEX,40.6167,-111.6333
ZnPb_SEDEX,34.0922,-107.2294
ZnPb_SEDEX,36.0767,-83.6131
ZnPb_SEDEX,37.5475,-90.2750
ZnPb_SEDEX,36.2400,-92.6886
ZnPb_SEDEX,37.8958,-90.5225
ZnPb_SEDEX,32.8183,-108.0694
ZnPb_SEDEX,37.8717,-114.6067
ZnPb_SEDEX,40.6772,-111.4508
ZnPb_SEDEX,48.8822,-117.3608
ZnPb_SEDEX,44.5086,-75.0314
ZnPb_SEDEX,37.9408,-114.4447
ZnPb_SEDEX,68.0669,-162.8233
ZnPb_SEDEX,37.6944,-108.0319
ZnPb_SEDEX,67.0833,-156.9444
ZnPb_SEDEX,38.4828,-113.3456
ZnPb_SEDEX,39.2103,-106.1747
ZnPb_SEDEX,40.5533,-114.8214
ZnPb_SEDEX,41.0819,-74.6061
ZnPb_SEDEX,40.4722,-112.3536
ZnPb_SEDEX,68.1750,-163.1903
ZnPb_SEDEX,35.5911,-84.4661
ZnPb_SEDEX,39.4208,-106.1889
ZnPb_SEDEX,39.9156,-112.1089
ZnPb_SEDEX,31.7069,-110.0611
ZnPb_SEDEX,37.0833,-94.6500
ZnPb_SEDEX,44.6456,-114.2567
ZnPb_SEDEX,42.4167,-90.4333
ZnPb_SEDEX,48.7606,-117.7567
ZnPb_SEDEX,37.6053,-91.1225
ZnPb_SEDEX,31.3828,-110.6925
ZnPb_SEDEX,39.2542,-115.5586
ZnPb_SEDEX,40.5292,67.2761
ZnPb_SEDEX,-14.4558,28.4331
